step,train_loss,train_mean_token_accuracy,train_error_rate,valid_loss,valid_mean_token_accuracy,valid_error_rate,full_valid_loss,full_valid_mean_token_accuracy,full_valid_error_rate,timestamp
1,0.4080919921398163,0.875,,,,,,,,2025-09-11T06:01:13.1000000Z
2,0.5157559514045715,0.84375,,,,,,,,2025-09-11T06:01:16.6420000Z
3,0.6289536356925964,0.8333333134651184,,,,,,,,2025-09-11T06:01:20.1900000Z
4,0.5098415017127991,0.84375,,,,,,,,2025-09-11T06:01:23.7390000Z
5,0.6146844029426575,0.8333333134651184,,,,,,,,2025-09-11T06:01:24.6090000Z
6,0.6399766206741333,0.8125,,,,,,,,2025-09-11T06:01:25.4690000Z
7,0.6027570366859436,0.8541666865348816,,,,,,,,2025-09-11T06:01:26.3300000Z
8,0.5372845530509949,0.8645833134651184,,,,,,,,2025-09-11T06:01:27.2110000Z
9,0.5152587294578552,0.8125,,,,,,,,2025-09-11T06:01:28.0470000Z
10,0.3773915469646454,0.875,,0.5917928715546926,0.8125,,,,,2025-09-11T06:01:37.6620000Z
11,0.3227095305919647,0.875,,,,,,,,2025-09-11T06:01:39.0750000Z
12,0.4428662359714508,0.8958333134651184,,,,,,,,2025-09-11T06:01:42.6280000Z
13,0.3809267580509186,0.875,,,,,,,,2025-09-11T06:01:43.4870000Z
14,0.3258850574493408,0.84375,,,,,,,,2025-09-11T06:01:49.4430000Z
15,0.34250226616859436,0.875,,,,,,,,2025-09-11T06:01:53.0200000Z
16,0.26103857159614563,0.8645833134651184,,,,,,,,2025-09-11T06:01:53.8720000Z
17,0.34586837887763977,0.8229166865348816,,,,,,,,2025-09-11T06:01:57.4980000Z
18,0.2834945023059845,0.8854166865348816,,,,,,,,2025-09-11T06:01:58.3550000Z
19,0.2509021461009979,0.90625,,,,,,,,2025-09-11T06:01:59.2100000Z
20,0.23794972896575928,0.8854166865348816,,0.35436831911404926,0.8645833333333334,,,,,2025-09-11T06:02:06.0820000Z
21,0.3788195550441742,0.84375,,,,,,,,2025-09-11T06:02:07.4690000Z
22,0.3387428820133209,0.8541666865348816,,,,,,,,2025-09-11T06:02:08.3450000Z
23,0.309945672750473,0.8541666865348816,,,,,,,,2025-09-11T06:02:09.2360000Z
24,0.2788882553577423,0.90625,,,,,,,,2025-09-11T06:02:10.0930000Z
25,0.28686317801475525,0.84375,,,,,,,,2025-09-11T06:02:13.6590000Z
26,0.2960549592971802,0.875,,,,,,,,2025-09-11T06:02:14.5430000Z
27,0.2615950405597687,0.875,,,,,,,,2025-09-11T06:02:15.4120000Z
28,0.3088412284851074,0.84375,,,,,,,,2025-09-11T06:02:16.2620000Z
29,0.28124141693115234,0.8541666865348816,,,,,,,,2025-09-11T06:02:17.1420000Z
30,0.32242295145988464,0.8541666865348816,,0.2678818603356679,0.8854166666666666,,,,,2025-09-11T06:02:21.3280000Z
31,0.2933000922203064,0.84375,,,,,,,,2025-09-11T06:02:22.7640000Z
32,0.29062822461128235,0.875,,,,,,,,2025-09-11T06:02:26.3510000Z
33,0.3726041316986084,0.8229166865348816,,,,,,,,2025-09-11T06:02:27.2190000Z
34,0.29568085074424744,0.8645833134651184,,,,,,,,2025-09-11T06:02:28.0810000Z
35,0.34356334805488586,0.8229166865348816,,,,,,,,2025-09-11T06:02:31.6880000Z
36,0.307216078042984,0.875,,,,,,,,2025-09-11T06:02:32.5610000Z
37,0.296474426984787,0.8229166865348816,,,,,,,,2025-09-11T06:02:33.4230000Z
38,0.34570929408073425,0.84375,,,,,,,,2025-09-11T06:02:34.2850000Z
39,0.3344510495662689,0.8333333134651184,,,,,,,,2025-09-11T06:02:38.1800000Z
40,0.38612282276153564,0.8125,,0.3435495098431905,0.8229166666666666,,,,,2025-09-11T06:02:42.3620000Z
41,0.2924162447452545,0.8645833134651184,,,,,,,,2025-09-11T06:02:43.7620000Z
42,0.39532890915870667,0.8125,,,,,,,,2025-09-11T06:02:44.6270000Z
43,0.2614566385746002,0.8958333134651184,,,,,,,,2025-09-11T06:02:50.6250000Z
44,0.3260469138622284,0.8541666865348816,,,,,,,,2025-09-11T06:02:51.5120000Z
45,0.33713722229003906,0.8020833134651184,,,,,,,,2025-09-11T06:02:52.3810000Z
46,0.24794399738311768,0.8958333134651184,,,,,,,,2025-09-11T06:02:53.2640000Z
47,0.35255908966064453,0.8020833134651184,,,,,,,,2025-09-11T06:02:54.1490000Z
48,0.3167371153831482,0.8229166865348816,,,,,,,,2025-09-11T06:02:55.0100000Z
49,0.32948508858680725,0.8333333134651184,,,,,,,,2025-09-11T06:02:55.8890000Z
50,0.3357759416103363,0.8229166865348816,,0.291858971118927,0.8333333333333334,,,,,2025-09-11T06:03:00.1120000Z
51,0.3724464476108551,0.7916666865348816,,,,,,,,2025-09-11T06:03:01.5320000Z
52,0.34022021293640137,0.8333333134651184,,,,,,,,2025-09-11T06:03:02.4050000Z
53,0.28701701760292053,0.8958333134651184,,,,,,,,2025-09-11T06:03:03.3170000Z
54,0.3084585964679718,0.8541666865348816,,,,,,,,2025-09-11T06:03:04.1630000Z
55,0.29095396399497986,0.8645833134651184,,,,,,,,2025-09-11T06:03:05.0670000Z
56,0.28737661242485046,0.8541666865348816,,,,,,,,2025-09-11T06:03:05.9240000Z
57,0.32719168066978455,0.84375,,,,,,,,2025-09-11T06:03:06.7900000Z
58,0.26137274503707886,0.8854166865348816,,,,,,,,2025-09-11T06:03:07.6610000Z
59,0.302890419960022,0.84375,,,,,,,,2025-09-11T06:03:08.5160000Z
60,0.2696684002876282,0.8854166865348816,,0.28938452402750653,0.875,,,,,2025-09-11T06:03:14.4540000Z
61,0.3292807340621948,0.8333333134651184,,,,,,,,2025-09-11T06:03:15.8640000Z
62,0.22629813849925995,0.90625,,,,,,,,2025-09-11T06:03:16.7490000Z
63,0.2770203649997711,0.8541666865348816,,,,,,,,2025-09-11T06:03:17.6310000Z
64,0.3124465048313141,0.8645833134651184,,,,,,,,2025-09-11T06:03:18.5690000Z
65,0.3549175262451172,0.8854166865348816,,,,,,,,2025-09-11T06:03:22.1360000Z
66,0.3305892050266266,0.8333333134651184,,,,,,,,2025-09-11T06:03:22.8250000Z
67,0.31321313977241516,0.8333333134651184,,,,,,,,2025-09-11T06:03:24.0580000Z
68,0.26165011525154114,0.875,,,,,,,,2025-09-11T06:03:24.9760000Z
69,0.36405348777770996,0.7916666865348816,,,,,,,,2025-09-11T06:03:25.8850000Z
70,0.4164641797542572,0.7708333134651184,,0.3562181790669759,0.84375,,,,,2025-09-11T06:03:30.0600000Z
71,0.2551066279411316,0.8958333134651184,,,,,,,,2025-09-11T06:03:31.5260000Z
72,0.34272781014442444,0.8333333134651184,,,,,,,,2025-09-11T06:03:32.3950000Z
73,0.28288161754608154,0.875,,,,,,,,2025-09-11T06:03:33.2970000Z
74,0.3952796757221222,0.8125,,,,,,,,2025-09-11T06:03:34.1980000Z
75,0.3496469557285309,0.8333333134651184,,,,,,,,2025-09-11T06:03:35.1030000Z
76,0.31319788098335266,0.8333333134651184,,,,,,,,2025-09-11T06:03:36.0030000Z
77,0.2916543781757355,0.875,,,,,,,,2025-09-11T06:03:36.9340000Z
78,0.32482191920280457,0.8645833134651184,,,,,,,,2025-09-11T06:03:37.8370000Z
79,0.2595292329788208,0.875,,,,,,,,2025-09-11T06:03:41.4280000Z
80,0.30476006865501404,0.84375,,0.3659170866012573,0.8541666666666666,,,,,2025-09-11T06:03:45.3170000Z
81,0.3155098259449005,0.8645833134651184,,,,,,,,2025-09-11T06:03:46.7630000Z
82,0.26993560791015625,0.875,,,,,,,,2025-09-11T06:03:47.6670000Z
83,0.33085039258003235,0.84375,,,,,,,,2025-09-11T06:03:48.5690000Z
84,0.3271787464618683,0.8229166865348816,,,,,,,,2025-09-11T06:03:49.4750000Z
85,0.2949269413948059,0.84375,,,,,,,,2025-09-11T06:03:50.3660000Z
86,0.2629740536212921,0.875,,,,,,,,2025-09-11T06:03:51.2870000Z
87,0.28246456384658813,0.875,,,,,,,,2025-09-11T06:03:52.1450000Z
88,0.32293441891670227,0.8125,,,,,,,,2025-09-11T06:03:53.0400000Z
89,0.3338184356689453,0.8125,,,,,,,,2025-09-11T06:03:53.9170000Z
90,0.30394959449768066,0.84375,,0.2757881085077922,0.8645833333333334,,,,,2025-09-11T06:03:58.1010000Z
91,0.3158855140209198,0.8229166865348816,,,,,,,,2025-09-11T06:03:59.5350000Z
92,0.38055458664894104,0.8125,,,,,,,,2025-09-11T06:04:00.4470000Z
93,0.3303140699863434,0.8333333134651184,,,,,,,,2025-09-11T06:04:01.3200000Z
94,0.2864701449871063,0.8854166865348816,,,,,,,,2025-09-11T06:04:02.2290000Z
95,0.28931066393852234,0.875,,,,,,,,2025-09-11T06:04:03.0940000Z
96,0.2742588222026825,0.8541666865348816,,,,,,,,2025-09-11T06:04:03.9860000Z
97,0.25668343901634216,0.8854166865348816,,,,,,,,2025-09-11T06:04:04.8880000Z
98,0.29932093620300293,0.8541666865348816,,,,,,,,2025-09-11T06:04:05.7800000Z
99,0.30779004096984863,0.84375,,,,,,,,2025-09-11T06:04:06.6650000Z
100,0.3881586492061615,0.8229166865348816,,0.29531002044677734,0.8645833333333334,,,,,2025-09-11T06:04:10.8450000Z
101,0.31402474641799927,0.84375,,,,,,,,2025-09-11T06:04:12.2990000Z
102,0.3808046877384186,0.8333333134651184,,,,,,,,2025-09-11T06:04:13.2020000Z
103,0.3198219835758209,0.8333333134651184,,,,,,,,2025-09-11T06:04:16.7800000Z
104,0.3286971151828766,0.8645833134651184,,,,,,,,2025-09-11T06:04:17.6650000Z
105,0.30759623646736145,0.8645833134651184,,,,,,,,2025-09-11T06:04:18.5650000Z
106,0.3048224151134491,0.8958333134651184,,,,,,,,2025-09-11T06:04:19.4790000Z
107,0.3314172327518463,0.8333333134651184,,,,,,,,2025-09-11T06:04:20.3790000Z
108,0.31350260972976685,0.8333333134651184,,,,,,,,2025-09-11T06:04:21.2950000Z
109,0.2980065643787384,0.84375,,,,,,,,2025-09-11T06:04:22.1690000Z
110,0.254196435213089,0.8854166865348816,,0.32311110695203143,0.8645833333333334,,,,,2025-09-11T06:04:26.3610000Z
111,0.2951493263244629,0.8854166865348816,,,,,,,,2025-09-11T06:04:27.8210000Z
112,0.3370727598667145,0.84375,,,,,,,,2025-09-11T06:04:28.6980000Z
113,0.3021215498447418,0.84375,,,,,,,,2025-09-11T06:04:29.5940000Z
114,0.292670339345932,0.8958333134651184,,,,,,,,2025-09-11T06:04:30.4770000Z
115,0.29510846734046936,0.8541666865348816,,,,,,,,2025-09-11T06:04:31.3600000Z
116,0.34156346321105957,0.8125,,,,,,,,2025-09-11T06:04:32.2560000Z
117,0.2744898200035095,0.875,,,,,,,,2025-09-11T06:04:33.1060000Z
118,0.2685549259185791,0.8854166865348816,,,,,,,,2025-09-11T06:04:33.9900000Z
119,0.27457237243652344,0.875,,,,,,,,2025-09-11T06:04:34.8840000Z
120,0.31716683506965637,0.8229166865348816,,0.3346017400423686,0.8854166666666666,,,,,2025-09-11T06:04:39.0600000Z
121,0.3169609606266022,0.8229166865348816,,,,,,,,2025-09-11T06:04:40.4720000Z
122,0.31512829661369324,0.8541666865348816,,,,,,,,2025-09-11T06:04:41.3940000Z
123,0.2963433563709259,0.875,,,,,,,,2025-09-11T06:04:42.2610000Z
124,0.30365005135536194,0.8958333134651184,,,,,,,,2025-09-11T06:04:43.1570000Z
125,0.2994239032268524,0.8854166865348816,,,,,,,,2025-09-11T06:04:44.0250000Z
126,0.3546154797077179,0.8125,,,,,,,,2025-09-11T06:04:44.9290000Z
127,0.26147809624671936,0.8645833134651184,,,,,,,,2025-09-11T06:04:45.8250000Z
128,0.3440539836883545,0.84375,,,,,,,,2025-09-11T06:04:46.7220000Z
129,0.3802288770675659,0.7916666865348816,,,,,,,,2025-09-11T06:04:47.6360000Z
130,0.26145899295806885,0.875,,0.34219756722450256,0.8229166666666666,,,,,2025-09-11T06:04:54.5410000Z
131,0.31041303277015686,0.8645833134651184,,,,,,,,2025-09-11T06:04:55.9790000Z
132,0.29726549983024597,0.8645833134651184,,,,,,,,2025-09-11T06:04:56.8440000Z
133,0.2734117805957794,0.875,,,,,,,,2025-09-11T06:04:57.7230000Z
134,0.33958742022514343,0.8541666865348816,,,,,,,,2025-09-11T06:04:58.5940000Z
135,0.28473737835884094,0.8854166865348816,,,,,,,,2025-09-11T06:04:59.4580000Z
136,0.2851325571537018,0.8958333134651184,,,,,,,,2025-09-11T06:05:00.3420000Z
137,0.28959861397743225,0.8333333134651184,,,,,,,,2025-09-11T06:05:01.2550000Z
138,0.29020848870277405,0.8541666865348816,,,,,,,,2025-09-11T06:05:02.1510000Z
139,0.33881092071533203,0.8229166865348816,,,,,,,,2025-09-11T06:05:03.0500000Z
140,0.26969584822654724,0.8645833134651184,,0.2799479166666667,0.875,,,,,2025-09-11T06:05:07.2710000Z
141,0.3471566140651703,0.8229166865348816,,,,,,,,2025-09-11T06:05:08.6790000Z
142,0.3184257745742798,0.8645833134651184,,,,,,,,2025-09-11T06:05:09.5770000Z
143,0.26601868867874146,0.8541666865348816,,,,,,,,2025-09-11T06:05:10.4480000Z
144,0.24562476575374603,0.9166666865348816,,,,,,,,2025-09-11T06:05:11.3470000Z
145,0.27907103300094604,0.84375,,,,,,,,2025-09-11T06:05:12.2490000Z
146,0.2684793770313263,0.9270833134651184,,,,,,,,2025-09-11T06:05:13.1540000Z
147,0.29744037985801697,0.8333333134651184,,,,,,,,2025-09-11T06:05:14.0540000Z
148,0.40441933274269104,0.8229166865348816,,,,,,,,2025-09-11T06:05:14.9570000Z
149,0.34201738238334656,0.8333333134651184,,,,,,,,2025-09-11T06:05:15.8670000Z
150,0.2944813072681427,0.8541666865348816,,0.2998327612876892,0.8333333333333334,,,,,2025-09-11T06:05:20.1140000Z
151,0.31700316071510315,0.875,,,,,,,,2025-09-11T06:05:21.5290000Z
152,0.3760991096496582,0.84375,,,,,,,,2025-09-11T06:05:22.4280000Z
153,0.3214620053768158,0.84375,,,,,,,,2025-09-11T06:05:23.3210000Z
154,0.39673054218292236,0.8125,,,,,,,,2025-09-11T06:05:24.2440000Z
155,0.3234744966030121,0.8645833134651184,,,,,,,,2025-09-11T06:05:25.1380000Z
156,0.2231534868478775,0.9270833134651184,,,,,,,,2025-09-11T06:05:26.0410000Z
157,0.3210851550102234,0.875,,,,,,,,2025-09-11T06:05:26.9770000Z
158,0.31570616364479065,0.84375,,,,,,,,2025-09-11T06:05:27.8780000Z
159,0.34292688965797424,0.8229166865348816,,,,,,,,2025-09-11T06:05:28.8040000Z
160,0.2832828462123871,0.8645833134651184,,0.2847537199656169,0.8333333333333334,,,,,2025-09-11T06:05:33.0460000Z
161,0.33806490898132324,0.8333333134651184,,,,,,,,2025-09-11T06:05:34.5290000Z
162,0.31263765692710876,0.8541666865348816,,,,,,,,2025-09-11T06:05:35.4330000Z
163,0.31946495175361633,0.8854166865348816,,,,,,,,2025-09-11T06:05:36.3330000Z
164,0.28730109333992004,0.84375,,,,,,,,2025-09-11T06:05:37.2640000Z
165,0.3161527216434479,0.84375,,,,,,,,2025-09-11T06:05:38.1480000Z
166,0.26544371247291565,0.875,,,,,,,,2025-09-11T06:05:39.0480000Z
167,0.29775288701057434,0.8645833134651184,,,,,,,,2025-09-11T06:05:39.9510000Z
168,0.28422561287879944,0.8854166865348816,,,,,,,,2025-09-11T06:05:40.8690000Z
169,0.2507198750972748,0.8854166865348816,,,,,,,,2025-09-11T06:05:41.7690000Z
170,0.36407116055488586,0.8333333134651184,,0.32483990987141925,0.84375,,,,,2025-09-11T06:05:45.9870000Z
171,0.32602348923683167,0.8541666865348816,,,,,,,,2025-09-11T06:05:47.4490000Z
172,0.27505865693092346,0.8854166865348816,,,,,,,,2025-09-11T06:05:48.3520000Z
173,0.2841639220714569,0.8541666865348816,,,,,,,,2025-09-11T06:05:49.2670000Z
174,0.31599605083465576,0.8645833134651184,,,,,,,,2025-09-11T06:05:50.1700000Z
175,0.3506373167037964,0.84375,,,,,,,,2025-09-11T06:05:51.1030000Z
176,0.2725331783294678,0.8958333134651184,,,,,,,,2025-09-11T06:05:51.9970000Z
177,0.2760034501552582,0.8854166865348816,,,,,,,,2025-09-11T06:05:52.9430000Z
178,0.3050934970378876,0.875,,,,,,,,2025-09-11T06:05:53.8210000Z
179,0.268401175737381,0.90625,,,,,,,,2025-09-11T06:05:54.7460000Z
180,0.27068397402763367,0.8541666865348816,,0.3232221206029256,0.8541666666666666,,,,,2025-09-11T06:05:58.9700000Z
181,0.30030325055122375,0.875,,,,,,,,2025-09-11T06:06:00.4550000Z
182,0.35457953810691833,0.8125,,,,,,,,2025-09-11T06:06:01.3670000Z
183,0.40384769439697266,0.8125,,,,,,,,2025-09-11T06:06:02.2730000Z
184,0.3359208106994629,0.8333333134651184,,,,,,,,2025-09-11T06:06:03.1680000Z
185,0.31788280606269836,0.84375,,,,,,,,2025-09-11T06:06:04.0920000Z
186,0.29797646403312683,0.875,,,,,,,,2025-09-11T06:06:04.9690000Z
187,0.314353883266449,0.8333333134651184,,,,,,,,2025-09-11T06:06:05.8740000Z
188,0.3246243894100189,0.84375,,,,,,,,2025-09-11T06:06:06.7770000Z
189,0.28140589594841003,0.8854166865348816,,,,,,,,2025-09-11T06:06:07.6890000Z
190,0.317026287317276,0.8333333134651184,,0.32315945625305176,0.8125,,,,,2025-09-11T06:06:13.2710000Z
191,0.2874244749546051,0.8333333134651184,,,,,,,,2025-09-11T06:06:14.6950000Z
192,0.3059185743331909,0.8854166865348816,,,,,,,,2025-09-11T06:06:15.5780000Z
193,0.22931766510009766,0.8854166865348816,,,,,,,,2025-09-11T06:06:16.4540000Z
194,0.3254765570163727,0.875,,,,,,,,2025-09-11T06:06:17.3640000Z
195,0.37441039085388184,0.8541666865348816,,,,,,,,2025-09-11T06:06:18.2380000Z
196,0.35957422852516174,0.875,,,,,,,,2025-09-11T06:06:19.1320000Z
197,0.3027147948741913,0.8541666865348816,,,,,,,,2025-09-11T06:06:20.0360000Z
198,0.3329639434814453,0.8125,,,,,,,,2025-09-11T06:06:20.9310000Z
199,0.4128289222717285,0.7916666865348816,,,,,,,,2025-09-11T06:06:21.8380000Z
200,0.3209230899810791,0.8541666865348816,,0.26282094915707904,0.875,,,,,2025-09-11T06:06:26.0520000Z
201,0.3195461928844452,0.8541666865348816,,,,,,,,2025-09-11T06:06:27.5130000Z
202,0.3676013946533203,0.8229166865348816,,,,,,,,2025-09-11T06:06:28.4190000Z
203,0.34303387999534607,0.8125,,,,,,,,2025-09-11T06:06:29.3160000Z
204,0.31921496987342834,0.8541666865348816,,,,,,,,2025-09-11T06:06:30.1980000Z
205,0.3010694086551666,0.8125,,,,,,,,2025-09-11T06:06:31.1090000Z
206,0.3438851833343506,0.8125,,,,,,,,2025-09-11T06:06:32.0350000Z
207,0.30707940459251404,0.8645833134651184,,,,,,,,2025-09-11T06:06:32.9650000Z
208,0.2817337214946747,0.8854166865348816,,,,,,,,2025-09-11T06:06:33.8760000Z
209,0.33259448409080505,0.8541666865348816,,,,,,,,2025-09-11T06:06:34.7980000Z
210,0.3119351863861084,0.84375,,0.2783912618954976,0.8645833333333334,,,,,2025-09-11T06:06:38.9930000Z
211,0.258729487657547,0.9270833134651184,,,,,,,,2025-09-11T06:06:40.4520000Z
212,0.28956061601638794,0.8958333134651184,,,,,,,,2025-09-11T06:06:41.3590000Z
213,0.2904968857765198,0.875,,,,,,,,2025-09-11T06:06:42.2580000Z
214,0.35286745429039,0.84375,,,,,,,,2025-09-11T06:06:43.1470000Z
215,0.3279716372489929,0.8541666865348816,,,,,,,,2025-09-11T06:06:44.0770000Z
216,0.31771036982536316,0.8333333134651184,,,,,,,,2025-09-11T06:06:44.9570000Z
217,0.3412928581237793,0.8020833134651184,,,,,,,,2025-09-11T06:06:45.8590000Z
218,0.3316054344177246,0.84375,,,,,,,,2025-09-11T06:06:46.7310000Z
219,0.29203224182128906,0.8333333134651184,,,,,,,,2025-09-11T06:06:47.6490000Z
220,0.31533029675483704,0.8333333134651184,,0.2916918098926544,0.8645833333333334,,,,,2025-09-11T06:06:51.8530000Z
221,0.2593689262866974,0.875,,,,,,,,2025-09-11T06:06:53.3280000Z
222,0.30160537362098694,0.84375,,,,,,,,2025-09-11T06:06:54.2220000Z
223,0.27471885085105896,0.8541666865348816,,,,,,,,2025-09-11T06:06:55.1000000Z
224,0.36244168877601624,0.8020833134651184,,,,,,,,2025-09-11T06:06:56.0090000Z
225,0.2776550054550171,0.8645833134651184,,,,,,,,2025-09-11T06:06:56.8860000Z
226,0.2869211733341217,0.8645833134651184,,,,,,,,2025-09-11T06:06:57.7860000Z
227,0.3488905429840088,0.8333333134651184,,,,,,,,2025-09-11T06:06:58.6950000Z
228,0.24500715732574463,0.90625,,,,,,,,2025-09-11T06:06:59.6280000Z
229,0.286039799451828,0.84375,,,,,,,,2025-09-11T06:07:00.4920000Z
230,0.34133949875831604,0.8645833134651184,,0.3578574260075887,0.8229166666666666,,,,,2025-09-11T06:07:04.6950000Z
231,0.3100046217441559,0.875,,,,,,,,2025-09-11T06:07:06.1450000Z
232,0.26336777210235596,0.90625,,,,,,,,2025-09-11T06:07:07.0440000Z
233,0.2331078201532364,0.8958333134651184,,,,,,,,2025-09-11T06:07:07.9360000Z
234,0.3108707368373871,0.875,,,,,,,,2025-09-11T06:07:08.8580000Z
235,0.33574655652046204,0.8541666865348816,,,,,,,,2025-09-11T06:07:09.7430000Z
236,0.2844018042087555,0.8541666865348816,,,,,,,,2025-09-11T06:07:10.6750000Z
237,0.2691209018230438,0.8854166865348816,,,,,,,,2025-09-11T06:07:11.5840000Z
238,0.3306175470352173,0.8125,,,,,,,,2025-09-11T06:07:12.7110000Z
239,0.31631413102149963,0.8541666865348816,,,,,,,,2025-09-11T06:07:13.6190000Z
240,0.31210651993751526,0.875,,0.3434584140777588,0.84375,,,,,2025-09-11T06:07:17.8530000Z
241,0.29650577902793884,0.84375,,,,,,,,2025-09-11T06:07:19.3020000Z
242,0.2893258333206177,0.8541666865348816,,,,,,,,2025-09-11T06:07:20.2050000Z
243,0.369087815284729,0.8020833134651184,,,,,,,,2025-09-11T06:07:21.1080000Z
244,0.2334236055612564,0.8958333134651184,,,,,,,,2025-09-11T06:07:22.0300000Z
245,0.30765005946159363,0.8645833134651184,,,,,,,,2025-09-11T06:07:22.9130000Z
246,0.3452628552913666,0.84375,,,,,,,,2025-09-11T06:07:23.8100000Z
247,0.28484633564949036,0.8854166865348816,,,,,,,,2025-09-11T06:07:24.7080000Z
248,0.3144163191318512,0.8541666865348816,,,,,,,,2025-09-11T06:07:25.6150000Z
249,0.3669162690639496,0.8229166865348816,,,,,,,,2025-09-11T06:07:26.5170000Z
250,0.28447631001472473,0.875,,0.2876509428024292,0.8541666666666666,,,,,2025-09-11T06:07:30.7660000Z
251,0.2952614724636078,0.875,,,,,,,,2025-09-11T06:07:32.2180000Z
252,0.26380816102027893,0.8854166865348816,,,,,,,,2025-09-11T06:07:33.1310000Z
253,0.2861042022705078,0.9270833134651184,,,,,,,,2025-09-11T06:07:34.0360000Z
254,0.338929146528244,0.8229166865348816,,,,,,,,2025-09-11T06:07:34.9100000Z
255,0.3171474039554596,0.875,,,,,,,,2025-09-11T06:07:35.8310000Z
256,0.3337841033935547,0.8333333134651184,,,,,,,,2025-09-11T06:07:36.7510000Z
257,0.2450065165758133,0.8958333134651184,,,,,,,,2025-09-11T06:07:37.6630000Z
258,0.25508934259414673,0.8645833134651184,,,,,,,,2025-09-11T06:07:38.5810000Z
259,0.23340670764446259,0.8854166865348816,,,,,,,,2025-09-11T06:07:39.5070000Z
260,0.36668649315834045,0.8333333134651184,,0.31567200024922687,0.84375,,,,,2025-09-11T06:07:43.6990000Z
261,0.27115559577941895,0.875,,,,,,,,2025-09-11T06:07:45.1410000Z
262,0.2934759259223938,0.8958333134651184,,,,,,,,2025-09-11T06:07:46.0450000Z
263,0.319192111492157,0.8229166865348816,,,,,,,,2025-09-11T06:07:46.9490000Z
264,0.3078291118144989,0.875,,,,,,,,2025-09-11T06:07:50.2860000Z
265,0.2799053490161896,0.875,,,,,,,,2025-09-11T06:07:51.1760000Z
266,0.3536379337310791,0.8020833134651184,,,,,,,,2025-09-11T06:07:52.0860000Z
267,0.2565201222896576,0.8645833134651184,,,,,,,,2025-09-11T06:07:53.0070000Z
268,0.3142254054546356,0.8541666865348816,,,,,,,,2025-09-11T06:07:53.9060000Z
269,0.28365328907966614,0.875,,,,,,,,2025-09-11T06:07:54.8460000Z
270,0.38669753074645996,0.78125,,0.23535350958506265,0.90625,,,,,2025-09-11T06:07:59.0780000Z
271,0.2338513880968094,0.9166666865348816,,,,,,,,2025-09-11T06:08:00.5910000Z
272,0.2987706959247589,0.8229166865348816,,,,,,,,2025-09-11T06:08:01.4900000Z
273,0.2774937152862549,0.875,,,,,,,,2025-09-11T06:08:02.3890000Z
274,0.32117322087287903,0.8229166865348816,,,,,,,,2025-09-11T06:08:03.2930000Z
275,0.265188992023468,0.875,,,,,,,,2025-09-11T06:08:04.1970000Z
276,0.30185264348983765,0.8645833134651184,,,,,,,,2025-09-11T06:08:05.1120000Z
277,0.31703171133995056,0.8333333134651184,,,,,,,,2025-09-11T06:08:06.0370000Z
278,0.26955655217170715,0.8958333134651184,,,,,,,,2025-09-11T06:08:06.9280000Z
279,0.32423463463783264,0.8229166865348816,,,,,,,,2025-09-11T06:08:07.8300000Z
280,0.27402183413505554,0.8958333134651184,,0.2303918401400248,0.9270833333333334,,,,,2025-09-11T06:08:12.0760000Z
281,0.29202282428741455,0.8958333134651184,,,,,,,,2025-09-11T06:08:13.4830000Z
282,0.3055250942707062,0.8541666865348816,,,,,,,,2025-09-11T06:08:14.3550000Z
283,0.3023272156715393,0.8229166865348816,,,,,,,,2025-09-11T06:08:15.2480000Z
284,0.29715394973754883,0.8541666865348816,,,,,,,,2025-09-11T06:08:16.1800000Z
285,0.27989304065704346,0.84375,,,,,,,,2025-09-11T06:08:17.0270000Z
286,0.3330706059932709,0.8333333134651184,,,,,,,,2025-09-11T06:08:17.9320000Z
287,0.32876133918762207,0.8645833134651184,,,,,,,,2025-09-11T06:08:18.8360000Z
288,0.23367232084274292,0.9166666865348816,,,,,,,,2025-09-11T06:08:19.7540000Z
289,0.3149398863315582,0.875,,,,,,,,2025-09-11T06:08:20.6260000Z
290,0.2407509684562683,0.8958333134651184,,0.28400083382924396,0.8958333333333334,,,,,2025-09-11T06:08:24.8430000Z
291,0.30653926730155945,0.8541666865348816,,,,,,,,2025-09-11T06:08:26.2940000Z
292,0.3042362630367279,0.875,,,,,,,,2025-09-11T06:08:27.1990000Z
293,0.34832093119621277,0.84375,,,,,,,,2025-09-11T06:08:28.0710000Z
294,0.24887274205684662,0.90625,,,,,,,,2025-09-11T06:08:28.9480000Z
295,0.295248419046402,0.84375,,,,,,,,2025-09-11T06:08:29.8260000Z
296,0.31632179021835327,0.8645833134651184,,,,,,,,2025-09-11T06:08:30.7220000Z
297,0.2714911997318268,0.875,,,,,,,,2025-09-11T06:08:31.6140000Z
298,0.39178982377052307,0.8125,,,,,,,,2025-09-11T06:08:32.4970000Z
299,0.2658666670322418,0.9166666865348816,,,,,,,,2025-09-11T06:08:33.3990000Z
300,0.33622708916664124,0.84375,,0.3536999026934306,0.8229166666666666,,,,,2025-09-11T06:08:37.5820000Z
301,0.35218337178230286,0.7708333134651184,,,,,,,,2025-09-11T06:08:39.0370000Z
302,0.27826234698295593,0.875,,,,,,,,2025-09-11T06:08:39.9380000Z
303,0.31999239325523376,0.8541666865348816,,,,,,,,2025-09-11T06:08:40.8440000Z
304,0.2770223915576935,0.84375,,,,,,,,2025-09-11T06:08:41.7650000Z
305,0.32490697503089905,0.8541666865348816,,,,,,,,2025-09-11T06:08:42.6250000Z
306,0.3183531165122986,0.84375,,,,,,,,2025-09-11T06:08:43.5160000Z
307,0.3552374839782715,0.8333333134651184,,,,,,,,2025-09-11T06:08:44.4030000Z
308,0.2597009241580963,0.8958333134651184,,,,,,,,2025-09-11T06:08:45.3090000Z
309,0.33510124683380127,0.8229166865348816,,,,,,,,2025-09-11T06:08:46.1860000Z
310,0.3094363212585449,0.8541666865348816,,0.2778027653694153,0.8541666666666666,,,,,2025-09-11T06:08:50.3660000Z
311,0.2958967387676239,0.8645833134651184,,,,,,,,2025-09-11T06:08:51.8070000Z
312,0.3254784047603607,0.8333333134651184,,,,,,,,2025-09-11T06:08:52.7040000Z
313,0.3161742091178894,0.84375,,,,,,,,2025-09-11T06:08:53.6190000Z
314,0.29880890250205994,0.8645833134651184,,,,,,,,2025-09-11T06:08:54.5270000Z
315,0.2453363686800003,0.8854166865348816,,,,,,,,2025-09-11T06:08:55.4370000Z
316,0.3025887906551361,0.84375,,,,,,,,2025-09-11T06:08:56.3380000Z
317,0.2789115011692047,0.8645833134651184,,,,,,,,2025-09-11T06:08:57.2730000Z
318,0.26841220259666443,0.8958333134651184,,,,,,,,2025-09-11T06:08:58.1570000Z
319,0.22939567267894745,0.90625,,,,,,,,2025-09-11T06:08:59.0650000Z
320,0.31759145855903625,0.8541666865348816,,0.304529865582784,0.8541666666666666,,,,,2025-09-11T06:09:06.1550000Z
321,0.39468634128570557,0.8125,,,,,,,,2025-09-11T06:09:07.5690000Z
322,0.2545742690563202,0.8854166865348816,,,,,,,,2025-09-11T06:09:08.4840000Z
323,0.2794794738292694,0.9270833134651184,,,,,,,,2025-09-11T06:09:09.4070000Z
324,0.26450493931770325,0.84375,,,,,,,,2025-09-11T06:09:10.3330000Z
325,0.30397626757621765,0.8541666865348816,,,,,,,,2025-09-11T06:09:11.2230000Z
326,0.27888327836990356,0.8541666865348816,,,,,,,,2025-09-11T06:09:12.1210000Z
327,0.3250197470188141,0.8333333134651184,,,,,,,,2025-09-11T06:09:13.0570000Z
328,0.26996296644210815,0.8854166865348816,,,,,,,,2025-09-11T06:09:13.9670000Z
329,0.31453439593315125,0.8333333134651184,,,,,,,,2025-09-11T06:09:14.8720000Z
330,0.3108504116535187,0.8854166865348816,,0.2913084030151367,0.8333333333333334,,,,,2025-09-11T06:09:19.1280000Z
331,0.356208473443985,0.8333333134651184,,,,,,,,2025-09-11T06:09:20.5760000Z
332,0.40371760725975037,0.8020833134651184,,,,,,,,2025-09-11T06:09:21.5080000Z
333,0.22027641534805298,0.9375,,,,,,,,2025-09-11T06:09:22.4060000Z
334,0.32276228070259094,0.8333333134651184,,,,,,,,2025-09-11T06:09:23.3120000Z
335,0.32564759254455566,0.8333333134651184,,,,,,,,2025-09-11T06:09:24.2210000Z
336,0.2970859706401825,0.90625,,,,,,,,2025-09-11T06:09:25.1250000Z
337,0.2708036005496979,0.84375,,,,,,,,2025-09-11T06:09:26.0320000Z
338,0.27873101830482483,0.8645833134651184,,,,,,,,2025-09-11T06:09:26.9370000Z
339,0.2777709364891052,0.84375,,,,,,,,2025-09-11T06:09:27.8430000Z
340,0.3224971890449524,0.8229166865348816,,0.28829242785771686,0.8645833333333334,,,,,2025-09-11T06:09:32.0800000Z
341,0.31562402844429016,0.8333333134651184,,,,,,,,2025-09-11T06:09:33.5640000Z
342,0.25065138936042786,0.875,,,,,,,,2025-09-11T06:09:34.4710000Z
343,0.3220767378807068,0.8020833134651184,,,,,,,,2025-09-11T06:09:35.3780000Z
344,0.2720806896686554,0.875,,,,,,,,2025-09-11T06:09:36.2960000Z
345,0.32104238867759705,0.8333333134651184,,,,,,,,2025-09-11T06:09:37.2140000Z
346,0.3525865375995636,0.8541666865348816,,,,,,,,2025-09-11T06:09:38.1250000Z
347,0.29549020528793335,0.8541666865348816,,,,,,,,2025-09-11T06:09:39.0440000Z
348,0.2885901927947998,0.8541666865348816,,,,,,,,2025-09-11T06:09:39.9300000Z
349,0.296424001455307,0.8541666865348816,,,,,,,,2025-09-11T06:09:40.8600000Z
350,0.3273977041244507,0.84375,,0.2944992582003276,0.8645833333333334,,,,,2025-09-11T06:09:45.1210000Z
351,0.34945961833000183,0.8229166865348816,,,,,,,,2025-09-11T06:09:46.5610000Z
352,0.35340604186058044,0.8333333134651184,,,,,,,,2025-09-11T06:09:47.4700000Z
353,0.2898915112018585,0.8854166865348816,,,,,,,,2025-09-11T06:09:48.3940000Z
354,0.32949957251548767,0.8645833134651184,,,,,,,,2025-09-11T06:09:49.3060000Z
355,0.34468427300453186,0.7916666865348816,,,,,,,,2025-09-11T06:09:50.2330000Z
356,0.26373612880706787,0.8958333134651184,,,,,,,,2025-09-11T06:09:51.1140000Z
357,0.2934890687465668,0.84375,,,,,,,,2025-09-11T06:09:52.0190000Z
358,0.28359702229499817,0.8541666865348816,,,,,,,,2025-09-11T06:09:52.9460000Z
359,0.30563315749168396,0.8645833134651184,,,,,,,,2025-09-11T06:09:53.8550000Z
360,0.2463746815919876,0.875,,0.3613065481185913,0.8020833333333334,,,,,2025-09-11T06:09:58.0870000Z
361,0.26947084069252014,0.8854166865348816,,,,,,,,2025-09-11T06:09:59.5700000Z
362,0.2967316806316376,0.8541666865348816,,,,,,,,2025-09-11T06:10:00.5030000Z
363,0.3109631836414337,0.8541666865348816,,,,,,,,2025-09-11T06:10:01.3760000Z
364,0.2988193929195404,0.84375,,,,,,,,2025-09-11T06:10:02.2840000Z
365,0.35636579990386963,0.8020833134651184,,,,,,,,2025-09-11T06:10:03.1830000Z
366,0.29156115651130676,0.8541666865348816,,,,,,,,2025-09-11T06:10:04.0900000Z
367,0.3509739339351654,0.8229166865348816,,,,,,,,2025-09-11T06:10:04.9940000Z
368,0.2746675908565521,0.8541666865348816,,,,,,,,2025-09-11T06:10:05.8940000Z
369,0.2329878807067871,0.8958333134651184,,,,,,,,2025-09-11T06:10:06.8060000Z
370,0.28276705741882324,0.84375,,0.3143588105837504,0.8333333333333334,,,,,2025-09-11T06:10:11.0450000Z
371,0.24472880363464355,0.9166666865348816,,,,,,,,2025-09-11T06:10:12.5230000Z
372,0.2816750109195709,0.8958333134651184,,,,,,,,2025-09-11T06:10:13.4360000Z
373,0.2659624218940735,0.8645833134651184,,,,,,,,2025-09-11T06:10:14.3330000Z
374,0.34922969341278076,0.8020833134651184,,,,,,,,2025-09-11T06:10:15.2580000Z
375,0.28149452805519104,0.8541666865348816,,,,,,,,2025-09-11T06:10:16.1690000Z
376,0.22035150229930878,0.9270833134651184,,,,,,,,2025-09-11T06:10:17.0840000Z
377,0.3884446620941162,0.8229166865348816,,,,,,,,2025-09-11T06:10:17.9830000Z
378,0.31640544533729553,0.8333333134651184,,,,,,,,2025-09-11T06:10:18.8920000Z
379,0.2800573706626892,0.84375,,,,,,,,2025-09-11T06:10:19.8020000Z
380,0.3228953182697296,0.8333333134651184,,0.22590823968251547,0.90625,,,,,2025-09-11T06:10:24.0200000Z
381,0.39006853103637695,0.8333333134651184,,,,,,,,2025-09-11T06:10:25.4840000Z
382,0.2800533175468445,0.84375,,,,,,,,2025-09-11T06:10:26.3730000Z
383,0.32603856921195984,0.8541666865348816,,,,,,,,2025-09-11T06:10:27.2950000Z
384,0.30161747336387634,0.8645833134651184,,,,,,,,2025-09-11T06:10:28.1970000Z
385,0.3359358310699463,0.8541666865348816,,,,,,,,2025-09-11T06:10:29.1270000Z
386,0.30138275027275085,0.8541666865348816,,,,,,,,2025-09-11T06:10:30.0500000Z
387,0.3145035207271576,0.8333333134651184,,,,,,,,2025-09-11T06:10:30.9420000Z
388,0.36357513070106506,0.8020833134651184,,,,,,,,2025-09-11T06:10:31.8490000Z
389,0.3632201850414276,0.78125,,,,,,,,2025-09-11T06:10:32.7640000Z
390,0.2857067584991455,0.8854166865348816,,0.3002498348553975,0.84375,,,,,2025-09-11T06:10:36.9860000Z
391,0.3094446361064911,0.875,,,,,,,,2025-09-11T06:10:38.4890000Z
392,0.3165142238140106,0.8541666865348816,,,,,,,,2025-09-11T06:10:39.4090000Z
393,0.35113582015037537,0.8125,,,,,,,,2025-09-11T06:10:40.3060000Z
394,0.2834679186344147,0.8854166865348816,,,,,,,,2025-09-11T06:10:41.2190000Z
395,0.32714444398880005,0.84375,,,,,,,,2025-09-11T06:10:42.1330000Z
396,0.2641468942165375,0.8854166865348816,,,,,,,,2025-09-11T06:10:43.0320000Z
397,0.30981218814849854,0.875,,,,,,,,2025-09-11T06:10:43.9490000Z
398,0.2657235562801361,0.8854166865348816,,,,,,,,2025-09-11T06:10:44.8620000Z
399,0.28788042068481445,0.8645833134651184,,,,,,,,2025-09-11T06:10:45.7650000Z
400,0.26622307300567627,0.8645833134651184,,0.31499727567036945,0.84375,,,,,2025-09-11T06:10:49.9900000Z
401,0.2775983512401581,0.875,,,,,,,,2025-09-11T06:10:51.4540000Z
402,0.2809831202030182,0.8541666865348816,,,,,,,,2025-09-11T06:10:52.3820000Z
403,0.3360115587711334,0.8229166865348816,,,,,,,,2025-09-11T06:10:53.2610000Z
404,0.2968291938304901,0.8541666865348816,,,,,,,,2025-09-11T06:10:54.1740000Z
405,0.2655252516269684,0.8958333134651184,,,,,,,,2025-09-11T06:10:55.0810000Z
406,0.3385373651981354,0.84375,,,,,,,,2025-09-11T06:10:55.9650000Z
407,0.3599914312362671,0.8125,,,,,,,,2025-09-11T06:10:56.8640000Z
408,0.3156498968601227,0.8333333134651184,,,,,,,,2025-09-11T06:10:57.7700000Z
409,0.30126896500587463,0.8333333134651184,,,,,,,,2025-09-11T06:10:58.6840000Z
410,0.28736570477485657,0.875,,0.29641924301783246,0.8541666666666666,,,,,2025-09-11T06:11:02.9110000Z
411,0.2521403431892395,0.8645833134651184,,,,,,,,2025-09-11T06:11:04.3700000Z
412,0.33374056220054626,0.8229166865348816,,,,,,,,2025-09-11T06:11:05.2840000Z
413,0.33815792202949524,0.8333333134651184,,,,,,,,2025-09-11T06:11:06.1940000Z
414,0.29990488290786743,0.8854166865348816,,,,,,,,2025-09-11T06:11:07.1050000Z
415,0.21875280141830444,0.8958333134651184,,,,,,,,2025-09-11T06:11:08.0260000Z
416,0.2939898669719696,0.8854166865348816,,,,,,,,2025-09-11T06:11:08.9290000Z
417,0.27149274945259094,0.8854166865348816,,,,,,,,2025-09-11T06:11:09.8150000Z
418,0.3103932738304138,0.875,,,,,,,,2025-09-11T06:11:10.7260000Z
419,0.2740740180015564,0.8854166865348816,,,,,,,,2025-09-11T06:11:11.6340000Z
420,0.32150113582611084,0.875,,0.2832996646563212,0.8645833333333334,,,,,2025-09-11T06:11:15.8670000Z
421,0.3133491277694702,0.8541666865348816,,,,,,,,2025-09-11T06:11:17.3210000Z
422,0.24735455214977264,0.8645833134651184,,,,,,,,2025-09-11T06:11:18.2490000Z
423,0.3309394419193268,0.8333333134651184,,,,,,,,2025-09-11T06:11:19.1650000Z
424,0.23137901723384857,0.9270833134651184,,,,,,,,2025-09-11T06:11:20.0780000Z
425,0.2459474354982376,0.9270833134651184,,,,,,,,2025-09-11T06:11:20.9930000Z
426,0.3122999966144562,0.8645833134651184,,,,,,,,2025-09-11T06:11:21.8990000Z
427,0.2549239993095398,0.8854166865348816,,,,,,,,2025-09-11T06:11:22.8320000Z
428,0.376778244972229,0.8229166865348816,,,,,,,,2025-09-11T06:11:23.6960000Z
429,0.30406489968299866,0.8333333134651184,,,,,,,,2025-09-11T06:11:24.6200000Z
430,0.2935795783996582,0.8854166865348816,,0.3447359999020894,0.8333333333333334,,,,,2025-09-11T06:11:28.8680000Z
431,0.28349509835243225,0.875,,,,,,,,2025-09-11T06:11:30.3380000Z
432,0.23752032220363617,0.90625,,,,,,,,2025-09-11T06:11:31.2530000Z
433,0.2775067687034607,0.8645833134651184,,,,,,,,2025-09-11T06:11:32.1630000Z
434,0.35130611062049866,0.8229166865348816,,,,,,,,2025-09-11T06:11:33.0580000Z
435,0.3073207437992096,0.8333333134651184,,,,,,,,2025-09-11T06:11:33.9910000Z
436,0.37612366676330566,0.8333333134651184,,,,,,,,2025-09-11T06:11:34.8660000Z
437,0.3202439248561859,0.84375,,,,,,,,2025-09-11T06:11:35.7790000Z
438,0.29926902055740356,0.8645833134651184,,,,,,,,2025-09-11T06:11:36.7170000Z
439,0.2760815918445587,0.875,,,,,,,,2025-09-11T06:11:37.6270000Z
440,0.4067727327346802,0.7708333134651184,,0.3040320873260498,0.84375,,,,,2025-09-11T06:11:44.5890000Z
441,0.2685963809490204,0.8958333134651184,,,,,,,,2025-09-11T06:11:46.0120000Z
442,0.25369754433631897,0.90625,,,,,,,,2025-09-11T06:11:46.9040000Z
443,0.329701691865921,0.8333333134651184,,,,,,,,2025-09-11T06:11:47.8170000Z
444,0.2530139982700348,0.8645833134651184,,,,,,,,2025-09-11T06:11:48.7330000Z
445,0.27870187163352966,0.84375,,,,,,,,2025-09-11T06:11:49.6780000Z
446,0.34213289618492126,0.8541666865348816,,,,,,,,2025-09-11T06:11:50.5360000Z
447,0.34952959418296814,0.84375,,,,,,,,2025-09-11T06:11:51.4320000Z
448,0.30193498730659485,0.875,,,,,,,,2025-09-11T06:11:52.3360000Z
449,0.3142981231212616,0.8333333134651184,,,,,,,,2025-09-11T06:11:53.2550000Z
450,0.27595463395118713,0.875,,0.29827306667963666,0.8958333333333334,,,,,2025-09-11T06:11:57.4880000Z
451,0.3372126519680023,0.8541666865348816,,,,,,,,2025-09-11T06:11:58.9480000Z
452,0.315081924200058,0.84375,,,,,,,,2025-09-11T06:11:59.8590000Z
453,0.3415163457393646,0.8229166865348816,,,,,,,,2025-09-11T06:12:00.7610000Z
454,0.3254688084125519,0.8229166865348816,,,,,,,,2025-09-11T06:12:01.6550000Z
455,0.27191266417503357,0.875,,,,,,,,2025-09-11T06:12:02.5620000Z
456,0.32623782753944397,0.8229166865348816,,,,,,,,2025-09-11T06:12:03.4980000Z
457,0.3218616545200348,0.8333333134651184,,,,,,,,2025-09-11T06:12:04.4080000Z
458,0.29331865906715393,0.8645833134651184,,,,,,,,2025-09-11T06:12:05.3220000Z
459,0.2437945455312729,0.90625,,,,,,,,2025-09-11T06:12:06.2220000Z
460,0.2670469582080841,0.875,,0.2738850514094035,0.875,,,,,2025-09-11T06:12:10.4690000Z
461,0.32827576994895935,0.8125,,,,,,,,2025-09-11T06:12:11.8940000Z
462,0.2923313081264496,0.8541666865348816,,,,,,,,2025-09-11T06:12:12.8080000Z
463,0.2753028869628906,0.8854166865348816,,,,,,,,2025-09-11T06:12:13.7160000Z
464,0.3319017291069031,0.875,,,,,,,,2025-09-11T06:12:14.6160000Z
465,0.28438690304756165,0.8541666865348816,,,,,,,,2025-09-11T06:12:15.5260000Z
466,0.2807539403438568,0.84375,,,,,,,,2025-09-11T06:12:16.4360000Z
467,0.32722151279449463,0.8125,,,,,,,,2025-09-11T06:12:17.3380000Z
468,0.2495129257440567,0.90625,,,,,,,,2025-09-11T06:12:18.2250000Z
469,0.2986718416213989,0.8854166865348816,,,,,,,,2025-09-11T06:12:19.1240000Z
470,0.23778200149536133,0.90625,,0.3533790310223897,0.7916666666666666,,,,,2025-09-11T06:12:23.3770000Z
471,0.2951184809207916,0.8541666865348816,,,,,,,,2025-09-11T06:12:24.8260000Z
472,0.3032149374485016,0.8645833134651184,,,,,,,,2025-09-11T06:12:25.7290000Z
473,0.2578979432582855,0.8958333134651184,,,,,,,,2025-09-11T06:12:26.6330000Z
474,0.2923358082771301,0.8645833134651184,,,,,,,,2025-09-11T06:12:27.5340000Z
475,0.31515929102897644,0.84375,,,,,,,,2025-09-11T06:12:28.4600000Z
476,0.2713198661804199,0.875,,,,,,,,2025-09-11T06:12:29.3320000Z
477,0.2848397493362427,0.8645833134651184,,,,,,,,2025-09-11T06:12:30.2660000Z
478,0.34352466464042664,0.8333333134651184,,,,,,,,2025-09-11T06:12:31.1780000Z
479,0.3193672299385071,0.8645833134651184,,,,,,,,2025-09-11T06:12:32.0730000Z
480,0.3177497088909149,0.84375,,0.2478276491165161,0.90625,,,,,2025-09-11T06:12:36.3350000Z
481,0.28811630606651306,0.8645833134651184,,,,,,,,2025-09-11T06:12:37.7670000Z
482,0.3232822120189667,0.8645833134651184,,,,,,,,2025-09-11T06:12:38.7030000Z
483,0.27847054600715637,0.8229166865348816,,,,,,,,2025-09-11T06:12:39.5770000Z
484,0.24960333108901978,0.8854166865348816,,,,,,,,2025-09-11T06:12:40.4800000Z
485,0.312771201133728,0.875,,,,,,,,2025-09-11T06:12:41.3890000Z
486,0.2696654796600342,0.8541666865348816,,,,,,,,2025-09-11T06:12:42.3090000Z
487,0.3236670196056366,0.8645833134651184,,,,,,,,2025-09-11T06:12:43.2090000Z
488,0.24164040386676788,0.9166666865348816,,,,,,,,2025-09-11T06:12:44.1150000Z
489,0.2669498324394226,0.84375,,,,,,,,2025-09-11T06:12:45.0310000Z
490,0.3031417429447174,0.8645833134651184,,0.31489227215449017,0.8229166666666666,,,,,2025-09-11T06:12:49.2640000Z
491,0.25310930609703064,0.8958333134651184,,,,,,,,2025-09-11T06:12:50.7280000Z
492,0.3151952922344208,0.8541666865348816,,,,,,,,2025-09-11T06:12:51.6310000Z
493,0.2975181043148041,0.8541666865348816,,,,,,,,2025-09-11T06:12:52.5330000Z
494,0.3025830090045929,0.8229166865348816,,,,,,,,2025-09-11T06:12:53.4360000Z
495,0.2701752185821533,0.90625,,,,,,,,2025-09-11T06:12:54.3420000Z
496,0.2681313753128052,0.8854166865348816,,,,,,,,2025-09-11T06:12:55.2510000Z
497,0.3021484911441803,0.8229166865348816,,,,,,,,2025-09-11T06:12:56.1640000Z
498,0.25883573293685913,0.8854166865348816,,,,,,,,2025-09-11T06:12:57.0550000Z
499,0.2773831784725189,0.9166666865348816,,,,,,,,2025-09-11T06:12:57.9690000Z
500,0.3240537941455841,0.8645833134651184,,0.30602463086446124,0.84375,,,,,2025-09-11T06:13:02.2150000Z
501,0.38162603974342346,0.84375,,,,,,,,2025-09-11T06:13:03.6600000Z
502,0.31060323119163513,0.8229166865348816,,,,,,,,2025-09-11T06:13:04.5730000Z
503,0.28856781125068665,0.8541666865348816,,,,,,,,2025-09-11T06:13:05.4890000Z
504,0.2991684377193451,0.875,,,,,,,,2025-09-11T06:13:06.4090000Z
505,0.29185035824775696,0.84375,,,,,,,,2025-09-11T06:13:07.3170000Z
506,0.27710220217704773,0.8854166865348816,,,,,,,,2025-09-11T06:13:08.2360000Z
507,0.2858388125896454,0.8541666865348816,,,,,,,,2025-09-11T06:13:09.1590000Z
508,0.2968725264072418,0.875,,,,,,,,2025-09-11T06:13:10.0510000Z
509,0.30687108635902405,0.84375,,,,,,,,2025-09-11T06:13:10.9590000Z
510,0.322000652551651,0.8645833134651184,,0.2830205758412679,0.875,,,,,2025-09-11T06:13:15.2070000Z
511,0.2623277008533478,0.8854166865348816,,,,,,,,2025-09-11T06:13:16.6900000Z
512,0.3081788420677185,0.84375,,,,,,,,2025-09-11T06:13:17.6140000Z
513,0.26879122853279114,0.8541666865348816,,,,,,,,2025-09-11T06:13:18.5180000Z
514,0.24716345965862274,0.8854166865348816,,,,,,,,2025-09-11T06:13:19.4220000Z
515,0.31392398476600647,0.8854166865348816,,,,,,,,2025-09-11T06:13:20.3550000Z
516,0.3099463880062103,0.8125,,,,,,,,2025-09-11T06:13:21.2410000Z
517,0.3440812826156616,0.8333333134651184,,,,,,,,2025-09-11T06:13:22.1530000Z
518,0.2703351080417633,0.8645833134651184,,,,,,,,2025-09-11T06:13:23.0650000Z
519,0.3088361918926239,0.84375,,,,,,,,2025-09-11T06:13:23.9650000Z
520,0.2777033746242523,0.8854166865348816,,0.2797203063964844,0.84375,,,,,2025-09-11T06:13:28.1830000Z
521,0.3577091693878174,0.8125,,,,,,,,2025-09-11T06:13:29.6500000Z
522,0.29066571593284607,0.875,,,,,,,,2025-09-11T06:13:30.5820000Z
523,0.31483253836631775,0.84375,,,,,,,,2025-09-11T06:13:31.4580000Z
524,0.32584241032600403,0.875,,,,,,,,2025-09-11T06:13:32.3660000Z
525,0.30923977494239807,0.8541666865348816,,,,,,,,2025-09-11T06:13:33.2640000Z
526,0.3177655339241028,0.8333333134651184,,,,,,,,2025-09-11T06:13:34.1690000Z
527,0.29704225063323975,0.875,,,,,,,,2025-09-11T06:13:35.0770000Z
528,0.36585283279418945,0.8125,,,,,,,,2025-09-11T06:13:35.9990000Z
529,0.31849023699760437,0.8541666865348816,,,,,,,,2025-09-11T06:13:36.9120000Z
530,0.2734602689743042,0.8541666865348816,,0.317446231842041,0.84375,,,,,2025-09-11T06:13:41.1540000Z
531,0.29904142022132874,0.875,,,,,,,,2025-09-11T06:13:42.6090000Z
532,0.27308323979377747,0.8645833134651184,,,,,,,,2025-09-11T06:13:43.5240000Z
533,0.3001307249069214,0.8854166865348816,,,,,,,,2025-09-11T06:13:44.4240000Z
534,0.28465011715888977,0.8541666865348816,,,,,,,,2025-09-11T06:13:45.3350000Z
535,0.3048636019229889,0.8541666865348816,,,,,,,,2025-09-11T06:13:46.2440000Z
536,0.3306809961795807,0.8541666865348816,,,,,,,,2025-09-11T06:13:47.1520000Z
537,0.289546400308609,0.8645833134651184,,,,,,,,2025-09-11T06:13:48.0570000Z
538,0.3056184649467468,0.8333333134651184,,,,,,,,2025-09-11T06:13:48.9610000Z
539,0.2389211803674698,0.8854166865348816,,,,,,,,2025-09-11T06:13:49.8830000Z
540,0.3187316954135895,0.8125,,0.3264566858609517,0.8229166666666666,,,,,2025-09-11T06:13:54.1140000Z
541,0.2940909266471863,0.8645833134651184,,,,,,,,2025-09-11T06:13:55.5570000Z
542,0.33069029450416565,0.84375,,,,,,,,2025-09-11T06:13:56.4890000Z
543,0.3325229287147522,0.8333333134651184,,,,,,,,2025-09-11T06:13:57.4070000Z
544,0.2915257215499878,0.8854166865348816,,,,,,,,2025-09-11T06:13:58.3270000Z
545,0.25773993134498596,0.8854166865348816,,,,,,,,2025-09-11T06:13:59.2220000Z
546,0.2668766975402832,0.875,,,,,,,,2025-09-11T06:14:00.1470000Z
547,0.2998807728290558,0.8645833134651184,,,,,,,,2025-09-11T06:14:01.0410000Z
548,0.29671216011047363,0.84375,,,,,,,,2025-09-11T06:14:01.9560000Z
549,0.3813551366329193,0.78125,,,,,,,,2025-09-11T06:14:02.8590000Z
550,0.25508666038513184,0.8645833134651184,,0.28770989179611206,0.8854166666666666,,,,,2025-09-11T06:14:07.0820000Z
551,0.2892029285430908,0.875,,,,,,,,2025-09-11T06:14:08.5210000Z
552,0.2582257091999054,0.875,,,,,,,,2025-09-11T06:14:09.4280000Z
553,0.3199268877506256,0.8645833134651184,,,,,,,,2025-09-11T06:14:10.3200000Z
554,0.26724663376808167,0.8854166865348816,,,,,,,,2025-09-11T06:14:11.2540000Z
555,0.3554329574108124,0.8020833134651184,,,,,,,,2025-09-11T06:14:12.1420000Z
556,0.24800817668437958,0.90625,,,,,,,,2025-09-11T06:14:13.0490000Z
557,0.28490763902664185,0.875,,,,,,,,2025-09-11T06:14:13.9530000Z
558,0.20731322467327118,0.9270833134651184,,,,,,,,2025-09-11T06:14:17.6260000Z
559,0.29156410694122314,0.875,,,,,,,,2025-09-11T06:14:18.2870000Z
560,0.29905495047569275,0.84375,,0.33741748332977295,0.8333333333333334,,,,,2025-09-11T06:14:22.7400000Z
561,0.33500969409942627,0.84375,,,,,,,,2025-09-11T06:14:24.2440000Z
562,0.28111737966537476,0.8854166865348816,,,,,,,,2025-09-11T06:14:25.1550000Z
563,0.3243669867515564,0.8333333134651184,,,,,,,,2025-09-11T06:14:26.0590000Z
564,0.32909759879112244,0.8541666865348816,,,,,,,,2025-09-11T06:14:26.9640000Z
565,0.3526862561702728,0.8229166865348816,,,,,,,,2025-09-11T06:14:27.8770000Z
566,0.32803186774253845,0.8229166865348816,,,,,,,,2025-09-11T06:14:28.7970000Z
567,0.27908214926719666,0.8333333134651184,,,,,,,,2025-09-11T06:14:29.7260000Z
568,0.37119659781455994,0.8125,,,,,,,,2025-09-11T06:14:30.6510000Z
569,0.28191572427749634,0.8645833134651184,,,,,,,,2025-09-11T06:14:31.5940000Z
570,0.28379127383232117,0.8541666865348816,,0.26529685656229657,0.8645833333333334,,,,,2025-09-11T06:14:37.1460000Z
571,0.273086279630661,0.8854166865348816,,,,,,,,2025-09-11T06:14:38.6200000Z
572,0.3067736029624939,0.875,,,,,,,,2025-09-11T06:14:39.5630000Z
573,0.3069479465484619,0.8541666865348816,,,,,,,,2025-09-11T06:14:40.4840000Z
574,0.32599878311157227,0.8541666865348816,,,,,,,,2025-09-11T06:14:41.4060000Z
575,0.2792779803276062,0.8645833134651184,,,,,,,,2025-09-11T06:14:42.3410000Z
576,0.24214930832386017,0.8958333134651184,,,,,,,,2025-09-11T06:14:43.2710000Z
577,0.31177598237991333,0.8229166865348816,,,,,,,,2025-09-11T06:14:44.1960000Z
578,0.2690747082233429,0.875,,,,,,,,2025-09-11T06:14:45.1170000Z
579,0.33287325501441956,0.875,,,,,,,,2025-09-11T06:14:46.0040000Z
580,0.2935769855976105,0.8854166865348816,,0.3191371560096741,0.84375,,,,,2025-09-11T06:14:50.6570000Z
581,0.3453494608402252,0.84375,,,,,,,,2025-09-11T06:14:52.1140000Z
582,0.34489068388938904,0.8125,,,,,,,,2025-09-11T06:14:53.0690000Z
583,0.32597091794013977,0.8333333134651184,,,,,,,,2025-09-11T06:14:54.0110000Z
584,0.29066237807273865,0.8333333134651184,,,,,,,,2025-09-11T06:14:54.9210000Z
585,0.33235806226730347,0.8854166865348816,,,,,,,,2025-09-11T06:14:55.8490000Z
586,0.25758257508277893,0.8645833134651184,,,,,,,,2025-09-11T06:14:56.7760000Z
587,0.3300876319408417,0.8645833134651184,,,,,,,,2025-09-11T06:14:57.6960000Z
588,0.2914365828037262,0.8854166865348816,,,,,,,,2025-09-11T06:14:58.6360000Z
589,0.30588775873184204,0.8333333134651184,,,,,,,,2025-09-11T06:14:59.5860000Z
590,0.2993753254413605,0.90625,,0.3154536883036296,0.84375,,,,,2025-09-11T06:15:03.8540000Z
591,0.24917228519916534,0.8854166865348816,,,,,,,,2025-09-11T06:15:05.3540000Z
592,0.3672615587711334,0.78125,,,,,,,,2025-09-11T06:15:06.3070000Z
593,0.29810112714767456,0.8541666865348816,,,,,,,,2025-09-11T06:15:07.2100000Z
594,0.2798203229904175,0.875,,,,,,,,2025-09-11T06:15:08.1430000Z
595,0.2931889593601227,0.8229166865348816,,,,,,,,2025-09-11T06:15:09.0710000Z
596,0.27408990263938904,0.875,,,,,,,,2025-09-11T06:15:10.0110000Z
597,0.2869611084461212,0.8958333134651184,,,,,,,,2025-09-11T06:15:10.9470000Z
598,0.3202122747898102,0.84375,,,,,,,,2025-09-11T06:15:11.8840000Z
599,0.20952464640140533,0.9166666865348816,,,,,,,,2025-09-11T06:15:12.8020000Z
600,0.2619064152240753,0.8854166865348816,,0.2661678194999695,0.8645833333333334,,,,,2025-09-11T06:15:17.0670000Z
601,0.28041014075279236,0.8854166865348816,,,,,,,,2025-09-11T06:15:18.5600000Z
602,0.33129364252090454,0.8125,,,,,,,,2025-09-11T06:15:19.4770000Z
603,0.30148908495903015,0.84375,,,,,,,,2025-09-11T06:15:20.3850000Z
604,0.2788654565811157,0.875,,,,,,,,2025-09-11T06:15:21.3150000Z
605,0.3237774670124054,0.8020833134651184,,,,,,,,2025-09-11T06:15:22.2390000Z
606,0.28424543142318726,0.875,,,,,,,,2025-09-11T06:15:23.1650000Z
607,0.2829642593860626,0.84375,,,,,,,,2025-09-11T06:15:24.0610000Z
608,0.3485363721847534,0.8125,,,,,,,,2025-09-11T06:15:24.9900000Z
609,0.2631305754184723,0.8645833134651184,,,,,,,,2025-09-11T06:15:25.9090000Z
610,0.2496192455291748,0.8854166865348816,,0.2344398299853007,0.875,,,,,2025-09-11T06:15:30.1670000Z
611,0.2732079327106476,0.9166666865348816,,,,,,,,2025-09-11T06:15:31.6790000Z
612,0.29242679476737976,0.84375,,,,,,,,2025-09-11T06:15:32.6090000Z
613,0.2430621236562729,0.8854166865348816,,,,,,,,2025-09-11T06:15:33.5320000Z
614,0.32910189032554626,0.84375,,,,,,,,2025-09-11T06:15:34.4590000Z
615,0.2979745864868164,0.8645833134651184,,,,,,,,2025-09-11T06:15:35.3830000Z
616,0.27325108647346497,0.8645833134651184,,,,,,,,2025-09-11T06:15:36.3260000Z
617,0.29037389159202576,0.8854166865348816,,,,,,,,2025-09-11T06:15:37.2680000Z
618,0.2716785967350006,0.8854166865348816,,,,,,,,2025-09-11T06:15:38.1970000Z
619,0.3944813907146454,0.8125,,,,,,,,2025-09-11T06:15:39.1330000Z
620,0.34485626220703125,0.8333333134651184,,0.24444464842478433,0.8645833333333334,,,,,2025-09-11T06:15:43.4360000Z
621,0.3633269965648651,0.8125,,,,,,,,2025-09-11T06:15:44.9060000Z
622,0.323856920003891,0.8333333134651184,,,,,,,,2025-09-11T06:15:45.8240000Z
623,0.34664949774742126,0.8229166865348816,,,,,,,,2025-09-11T06:15:46.7510000Z
624,0.3460570275783539,0.875,,,,,,,,2025-09-11T06:15:47.6890000Z
625,0.28295767307281494,0.8541666865348816,,,,,,,,2025-09-11T06:15:48.6120000Z
626,0.29126203060150146,0.8958333134651184,,,,,,,,2025-09-11T06:15:49.5470000Z
627,0.2778192460536957,0.875,,,,,,,,2025-09-11T06:15:50.4780000Z
628,0.27204737067222595,0.8958333134651184,,,,,,,,2025-09-11T06:15:51.4000000Z
629,0.27370408177375793,0.8645833134651184,,,,,,,,2025-09-11T06:15:52.3350000Z
630,0.280313640832901,0.8333333134651184,,0.2640468279520671,0.875,,,,,2025-09-11T06:15:56.6110000Z
631,0.2836832106113434,0.8645833134651184,,,,,,,,2025-09-11T06:15:58.1110000Z
632,0.3129173815250397,0.84375,,,,,,,,2025-09-11T06:15:59.0380000Z
633,0.33179938793182373,0.8333333134651184,,,,,,,,2025-09-11T06:15:59.9680000Z
634,0.3291647434234619,0.8125,,,,,,,,2025-09-11T06:16:00.8920000Z
635,0.2997652590274811,0.8333333134651184,,,,,,,,2025-09-11T06:16:01.8150000Z
636,0.28402337431907654,0.8854166865348816,,,,,,,,2025-09-11T06:16:02.7510000Z
637,0.3003782331943512,0.875,,,,,,,,2025-09-11T06:16:03.6790000Z
638,0.2771158814430237,0.8541666865348816,,,,,,,,2025-09-11T06:16:04.6100000Z
639,0.269386351108551,0.90625,,,,,,,,2025-09-11T06:16:05.5270000Z
640,0.2943117320537567,0.8541666865348816,,0.2894274592399597,0.8541666666666666,,,,,2025-09-11T06:16:09.7830000Z
641,0.2885691821575165,0.8854166865348816,,,,,,,,2025-09-11T06:16:11.2820000Z
642,0.25037679076194763,0.8958333134651184,,,,,,,,2025-09-11T06:16:12.2060000Z
643,0.2734334170818329,0.8541666865348816,,,,,,,,2025-09-11T06:16:13.1340000Z
644,0.444630891084671,0.8125,,,,,,,,2025-09-11T06:16:14.0640000Z
645,0.29074475169181824,0.8645833134651184,,,,,,,,2025-09-11T06:16:14.9750000Z
646,0.3477078974246979,0.8125,,,,,,,,2025-09-11T06:16:15.9090000Z
647,0.24684734642505646,0.8854166865348816,,,,,,,,2025-09-11T06:16:16.8340000Z
648,0.29145553708076477,0.8541666865348816,,,,,,,,2025-09-11T06:16:17.7690000Z
649,0.2887198030948639,0.8645833134651184,,,,,,,,2025-09-11T06:16:18.7030000Z
650,0.25914743542671204,0.8645833134651184,,0.30910948912302655,0.84375,,,,,2025-09-11T06:16:22.9670000Z
651,0.28011831641197205,0.8333333134651184,,,,,,,,2025-09-11T06:16:24.4620000Z
652,0.31732943654060364,0.8854166865348816,,,,,,,,2025-09-11T06:16:25.3640000Z
653,0.2692776620388031,0.8645833134651184,,,,,,,,2025-09-11T06:16:26.2930000Z
654,0.28545400500297546,0.8958333134651184,,,,,,,,2025-09-11T06:16:27.2070000Z
655,0.293220579624176,0.8645833134651184,,,,,,,,2025-09-11T06:16:28.1230000Z
656,0.2615114748477936,0.8645833134651184,,,,,,,,2025-09-11T06:16:29.0360000Z
657,0.30880236625671387,0.84375,,,,,,,,2025-09-11T06:16:29.9650000Z
658,0.30064260959625244,0.8645833134651184,,,,,,,,2025-09-11T06:16:30.8950000Z
659,0.2991044819355011,0.8645833134651184,,,,,,,,2025-09-11T06:16:31.8380000Z
660,0.3561275899410248,0.8541666865348816,,0.35439908504486084,0.8020833333333334,,,,,2025-09-11T06:16:36.1090000Z
661,0.2336897850036621,0.8958333134651184,,,,,,,,2025-09-11T06:16:37.6120000Z
662,0.24850352108478546,0.875,,,,,,,,2025-09-11T06:16:38.5390000Z
663,0.29813459515571594,0.8645833134651184,,,,,,,,2025-09-11T06:16:39.4710000Z
664,0.3720252811908722,0.8541666865348816,,,,,,,,2025-09-11T06:16:40.3960000Z
665,0.36977100372314453,0.8229166865348816,,,,,,,,2025-09-11T06:16:41.3130000Z
666,0.29527726769447327,0.8958333134651184,,,,,,,,2025-09-11T06:16:42.2300000Z
667,0.28776779770851135,0.875,,,,,,,,2025-09-11T06:16:43.1670000Z
668,0.3384467661380768,0.8229166865348816,,,,,,,,2025-09-11T06:16:44.1040000Z
669,0.3039382994174957,0.8229166865348816,,,,,,,,2025-09-11T06:16:45.0370000Z
670,0.23896603286266327,0.90625,,0.25667862097422284,0.8854166666666666,,,,,2025-09-11T06:16:49.3220000Z
671,0.3129330575466156,0.8645833134651184,,,,,,,,2025-09-11T06:16:50.8140000Z
672,0.2594303786754608,0.9166666865348816,,,,,,,,2025-09-11T06:16:51.7410000Z
673,0.25349360704421997,0.875,,,,,,,,2025-09-11T06:16:52.6740000Z
674,0.3063602149486542,0.8854166865348816,,,,,,,,2025-09-11T06:16:53.6000000Z
675,0.28362932801246643,0.8854166865348816,,,,,,,,2025-09-11T06:16:54.5180000Z
676,0.3446601331233978,0.84375,,,,,,,,2025-09-11T06:16:55.4240000Z
677,0.3309643566608429,0.8333333134651184,,,,,,,,2025-09-11T06:16:56.3470000Z
678,0.23022955656051636,0.90625,,,,,,,,2025-09-11T06:16:57.2820000Z
679,0.3112637996673584,0.875,,,,,,,,2025-09-11T06:16:58.2020000Z
680,0.30286234617233276,0.8645833134651184,,0.30581118663152057,0.8541666666666666,,,,,2025-09-11T06:17:02.4920000Z
681,0.2760374844074249,0.8854166865348816,,,,,,,,2025-09-11T06:17:03.9850000Z
682,0.32263413071632385,0.84375,,,,,,,,2025-09-11T06:17:04.9010000Z
683,0.31444916129112244,0.8095238208770752,,0.2980335553487142,0.84375,,0.29815436971944786,0.8565501250838977,,2025-09-11T06:25:27.2060000Z
