persona_id,carbon_tax_enhanced,clean_energy_enhanced,clean_electricity_enhanced,medicare_for_all_enhanced,public_option_enhanced,immigration_reform_enhanced,paid_family_leave_enhanced,wealth_tax_enhanced,deportations_enhanced,medicare_vouchers_enhanced
pid_2,5,5,5,5,5,5,5,5,1,1
pid_4,5,5,5,5,5,5,5,5,1,1
pid_10,5,5,5,5,5,5,5,5,1,1
pid_9,5,5,5,5,5,5,5,5,1,1
pid_14,5,5,5,5,5,5,5,5,1,1
pid_7,5,5,5,5,5,5,5,5,1,1
pid_18,5,5,5,5,5,5,5,5,1,1
pid_17,5,5,5,5,5,5,5,5,1,1
pid_19,5,5,5,5,5,5,5,5,1,1
pid_8,5,5,5,5,5,5,5,5,1,1
pid_20,2,2,2,1,1,2,2,1,4,4
pid_13,5,5,5,4,4,4,5,4,2,1
pid_16,1,2,2,2,4,2,4,2,4,4
pid_6,4,4,4,4,4,4,5,4,2,2
pid_15,5,5,5,2,4,4,4,2,4,4
pid_3,2,4,4,4,4,4,4,4,4,2
pid_12,4,5,4,2,1,4,4,1,4,4
pid_11,2,4,2,1,2,2,4,1,5,4
pid_5,2,2,2,2,4,2,4,4,4,2
pid_1,4,5,4,4,4,4,4,4,2,1
pid_24,1,1,1,1,1,1,2,1,5,5
pid_22,5,5,5,5,5,5,5,5,1,1
pid_29,4,5,5,5,5,5,5,5,1,1
pid_21,2,4,2,2,2,4,4,2,4,4
pid_25,2,4,2,2,4,4,4,4,4,2
pid_27,3,4,4,5,5,5,5,4,1,1
pid_36,5,5,5,5,5,5,5,5,1,1
pid_23,4,4,4,4,5,5,4,4,2,2
pid_31,4,5,5,5,5,5,5,5,1,1
pid_37,5,5,5,5,5,5,5,5,1,1
pid_32,5,5,5,5,5,5,5,5,1,1
pid_30,4,5,4,4,4,4,4,4,2,2
pid_33,4,5,4,5,5,5,5,5,1,1
pid_39,1,4,1,1,2,2,2,1,4,5
pid_40,2,2,2,1,2,2,2,1,5,5
pid_35,1,4,2,1,2,4,4,1,4,4
pid_38,1,2,1,1,2,2,4,1,5,4
pid_44,5,5,5,5,5,5,5,5,1,1
pid_41,2,4,2,2,2,2,2,2,4,4
pid_34,1,2,2,4,4,4,4,4,2,4
pid_42,4,4,4,4,4,4,4,4,2,1
pid_47,1,2,1,1,1,1,2,1,5,5
pid_43,4,4,4,2,4,4,4,4,2,2
pid_45,2,4,4,1,2,2,2,1,5,4
pid_50,5,5,4,5,5,5,5,5,1,1
pid_46,1,2,1,1,4,1,1,1,5,4
pid_55,5,5,5,5,5,5,5,5,1,1
pid_51,4,5,4,4,4,4,4,4,2,2
pid_49,4,4,4,4,4,4,4,4,2,2
pid_57,5,5,4,5,5,5,5,5,1,1
pid_54,1,2,2,1,4,2,2,1,5,4
pid_56,1,4,2,1,2,2,2,2,5,2
pid_53,4,5,4,4,5,4,4,4,2,1
pid_58,4,5,4,4,5,4,5,4,2,1
pid_65,5,5,5,5,5,5,5,5,1,1
pid_63,1,1,1,1,1,1,1,1,5,4
pid_67,5,5,5,5,5,5,5,5,1,1
pid_62,4,5,4,4,4,4,4,4,2,2
pid_70,5,5,5,5,5,5,5,5,1,1
pid_61,4,4,4,2,4,4,4,1,4,4
pid_60,2,4,2,2,2,4,4,1,4,4
pid_66,4,4,4,4,4,4,4,4,2,2
pid_68,5,5,5,5,5,5,5,5,1,1
pid_69,2,2,2,1,2,2,2,1,5,4
pid_64,2,4,4,4,4,4,4,4,2,1
pid_71,4,5,4,5,4,5,5,4,2,1
pid_73,4,5,5,5,5,4,5,5,2,1
pid_74,2,4,4,5,4,4,4,4,2,1
pid_75,4,5,4,4,5,4,5,4,2,1
pid_76,1,2,1,1,1,1,2,1,5,5
pid_81,5,5,5,5,5,5,5,5,1,1
pid_78,1,2,1,1,1,1,2,1,5,5
pid_26,5,5,5,5,5,5,5,5,1,1
pid_72,4,4,4,2,4,4,4,4,4,4
pid_82,4,5,5,5,5,5,5,5,1,1
pid_84,4,5,5,5,5,5,5,5,1,1
pid_28,4,5,5,5,5,5,5,5,1,1
pid_80,1,2,1,1,2,1,1,1,5,5
pid_79,4,4,4,4,4,4,4,4,2,2
pid_83,4,4,4,4,4,4,4,4,4,2
pid_87,5,5,5,5,5,5,5,5,1,1
pid_90,5,5,5,5,5,5,5,5,1,1
pid_91,5,5,5,5,5,5,5,5,1,1
pid_85,2,4,2,1,4,4,4,2,4,4
pid_89,4,5,5,5,5,5,5,5,1,1
pid_48,2,4,4,2,4,4,2,2,4,4
pid_86,1,2,1,1,2,1,2,1,5,5
pid_88,2,2,2,2,4,2,4,1,4,4
pid_100,5,5,5,5,5,5,5,5,1,1
pid_95,4,4,4,2,2,2,4,2,5,4
pid_92,2,2,2,2,4,2,4,2,4,4
pid_98,5,5,5,5,5,5,5,5,1,1
pid_93,5,5,5,4,5,5,5,5,1,1
pid_94,4,4,4,4,4,4,4,4,2,2
pid_101,4,5,4,5,5,5,5,5,1,1
pid_59,2,4,2,1,2,4,2,2,4,4
pid_96,2,5,4,4,4,5,5,4,2,1
pid_52,5,5,5,5,5,5,5,5,1,1
pid_97,5,5,5,4,5,5,5,5,1,1
pid_106,5,5,5,5,5,5,5,5,1,1
pid_99,2,4,2,4,4,4,4,4,4,2
pid_107,1,1,1,1,2,1,1,1,5,5
pid_102,4,5,4,1,1,4,2,1,5,5
pid_104,2,4,2,2,2,2,4,2,4,4
pid_112,5,5,5,5,5,5,5,5,1,1
pid_113,5,5,5,5,5,5,5,5,1,1
pid_103,4,5,4,1,1,2,4,1,5,5
pid_105,2,4,2,4,5,4,4,4,2,1
pid_110,1,2,2,1,1,1,2,1,5,5
pid_115,5,5,5,5,5,5,5,5,1,1
pid_114,5,5,5,5,5,5,5,5,1,1
pid_108,2,4,4,4,4,4,4,4,2,2
pid_109,4,4,4,2,4,4,4,2,4,2
pid_116,4,5,4,5,5,5,5,5,1,1
pid_111,2,4,2,1,2,2,2,1,4,5
pid_119,2,5,4,2,4,4,4,1,4,2
pid_120,1,2,1,1,2,2,2,1,5,2
pid_117,4,5,4,5,5,4,4,5,1,1
pid_118,2,4,2,4,4,4,4,4,2,1
pid_124,4,4,4,5,5,5,5,5,1,1
pid_122,4,5,4,4,4,4,4,5,2,1
pid_121,1,2,2,2,2,2,2,1,4,4
pid_129,4,5,5,5,5,5,5,5,1,1
pid_125,2,2,2,1,2,2,2,1,5,5
pid_126,4,5,4,4,4,4,5,4,2,2
pid_123,4,4,4,2,2,2,2,1,5,4
pid_128,2,4,2,2,2,2,4,2,4,4
pid_134,4,5,5,5,5,5,5,5,1,1
pid_135,5,5,5,5,5,5,5,5,1,1
pid_131,1,2,2,1,2,2,2,2,5,5
pid_132,1,2,2,1,2,1,2,1,5,5
pid_130,4,4,4,4,4,4,4,4,2,2
pid_137,5,5,5,5,5,5,5,5,1,1
pid_127,4,4,4,2,4,4,4,2,4,4
pid_133,4,5,4,4,5,4,5,5,1,1
pid_77,2,4,2,4,4,2,4,5,4,1
pid_136,2,4,4,2,4,4,4,4,4,4
pid_138,4,5,5,5,5,5,5,5,1,1
pid_143,5,5,5,5,5,5,5,5,1,1
pid_139,1,4,1,1,2,4,4,1,5,5
pid_141,4,5,5,4,5,5,5,5,1,1
pid_145,4,5,4,4,5,5,5,4,1,2
pid_140,4,5,4,2,2,4,4,1,4,4
pid_153,5,5,5,5,5,5,5,5,1,1
pid_149,4,5,4,5,5,5,5,5,1,1
pid_142,1,4,2,4,5,4,5,4,2,1
pid_148,2,2,2,1,2,2,2,1,5,5
pid_144,4,4,4,2,4,4,2,2,4,4
pid_150,5,5,5,5,5,5,5,5,1,1
pid_147,4,4,4,2,2,4,4,1,4,4
pid_156,5,5,5,5,5,5,5,5,1,1
pid_157,4,5,4,5,5,5,5,5,1,1
pid_151,2,2,2,1,1,2,4,1,5,5
pid_146,4,4,4,4,4,4,4,4,2,2
pid_154,2,4,2,2,2,2,2,1,5,5
pid_152,1,2,1,1,2,1,2,1,5,4
pid_158,5,5,5,5,5,5,5,5,1,1
pid_155,4,5,4,2,2,4,4,2,4,4
pid_159,2,2,2,1,2,2,2,1,5,4
pid_160,2,4,4,4,4,4,4,4,2,2
pid_162,4,5,4,1,2,2,4,1,4,5
pid_166,2,2,2,1,1,1,1,1,5,4
pid_161,4,4,4,2,2,4,2,1,5,2
pid_173,5,5,5,5,5,5,5,5,1,1
pid_165,1,2,1,1,1,2,2,1,5,4
pid_176,5,5,5,5,5,5,5,5,1,1
pid_168,1,2,1,1,1,1,2,1,5,4
pid_164,2,4,2,4,4,4,5,4,2,1
pid_167,5,5,4,4,4,4,4,4,2,2
pid_170,2,2,2,1,2,2,2,1,5,4
pid_169,5,5,4,4,4,4,4,4,2,2
pid_179,5,5,5,5,5,5,5,5,1,1
pid_163,4,4,4,2,4,4,4,4,2,4
pid_172,2,4,2,4,4,4,5,4,2,2
pid_171,2,4,2,4,4,4,4,4,4,2
pid_175,4,4,4,4,4,4,2,2,4,4
pid_177,2,4,2,2,4,2,4,4,4,2
pid_180,4,5,5,5,5,5,5,5,1,1
pid_174,2,4,2,2,2,2,2,2,5,4
pid_181,5,5,5,5,5,5,5,5,1,1
pid_187,5,5,5,5,5,5,5,5,1,1
pid_186,5,5,5,5,5,5,5,5,1,1
pid_178,2,4,4,4,4,4,4,4,2,2
pid_192,5,5,5,5,5,5,5,5,1,1
pid_188,4,4,4,4,4,4,5,4,2,2
pid_182,4,4,5,1,2,1,2,1,5,5
pid_184,1,4,2,2,2,4,4,2,4,4
pid_183,2,4,2,2,2,2,2,2,4,4
pid_185,4,5,4,5,5,5,5,5,1,1
pid_189,4,4,4,4,5,4,5,4,2,2
pid_195,5,5,5,5,5,5,5,5,1,1
pid_193,2,2,2,1,1,1,2,1,5,4
pid_190,2,2,4,1,1,1,2,1,5,5
pid_196,5,5,5,5,5,5,5,5,1,1
pid_198,5,5,5,5,5,5,5,5,1,1
pid_191,4,5,4,4,4,4,5,4,2,2
pid_201,5,5,5,5,5,5,5,5,1,1
pid_200,1,2,2,1,1,2,2,1,5,4
pid_199,4,4,4,5,4,4,5,4,2,2
pid_206,1,1,1,1,1,1,2,1,5,5
pid_204,5,5,5,5,5,5,5,5,1,1
pid_194,2,4,4,4,4,4,4,4,1,1
pid_203,2,4,2,1,1,2,2,1,5,4
pid_213,4,5,5,5,5,5,5,5,1,1
pid_209,4,4,4,2,2,4,4,1,5,4
pid_215,4,5,5,5,5,5,5,5,1,1
pid_207,2,4,2,1,2,2,4,2,4,4
pid_208,1,4,2,1,2,4,4,1,5,2
pid_210,4,5,4,4,4,4,4,4,2,2
pid_211,1,1,1,1,4,1,2,1,5,5
pid_212,1,2,2,1,2,1,4,2,5,4
pid_217,1,2,1,1,1,1,1,1,5,5
pid_214,4,4,4,2,4,2,4,2,4,4
pid_205,2,2,2,2,4,2,4,2,4,4
pid_219,4,5,5,5,5,5,5,5,1,1
pid_218,2,4,2,2,2,4,2,2,4,5
pid_216,2,4,2,2,2,2,2,1,5,5
pid_222,2,2,2,1,4,2,4,2,4,4
pid_225,5,5,5,5,5,5,5,5,1,1
pid_221,2,2,2,1,1,1,2,1,5,5
pid_220,2,2,2,1,1,1,2,1,5,5
pid_227,4,5,5,5,5,5,5,5,1,1
pid_229,5,5,5,5,5,5,5,5,1,1
pid_224,4,4,5,5,5,5,5,5,2,1
pid_223,4,4,4,1,2,2,2,1,5,1
pid_226,4,5,4,2,4,4,4,4,4,4
pid_230,4,4,4,4,4,4,4,4,2,2
pid_237,5,5,5,5,5,5,5,5,1,1
pid_233,5,5,5,5,5,5,5,5,1,1
pid_231,1,2,1,1,1,1,2,1,5,2
pid_238,5,5,5,5,5,5,5,5,1,1
pid_234,4,4,4,4,4,4,5,4,2,1
pid_228,1,4,1,1,4,2,4,2,5,1
pid_232,2,4,2,1,1,2,2,1,5,4
pid_236,4,5,4,4,4,5,5,4,1,2
pid_235,4,4,4,4,4,4,4,4,4,4
pid_239,4,5,4,4,4,4,5,4,2,1
pid_242,2,2,2,1,1,2,2,1,5,5
pid_251,5,5,5,5,5,5,5,5,1,1
pid_243,2,4,2,2,2,2,4,2,4,2
pid_253,5,5,5,5,5,5,5,5,1,1
pid_252,5,5,5,5,5,5,5,5,1,1
pid_241,3,4,4,4,4,4,4,4,2,2
pid_240,2,2,2,2,4,2,2,2,4,4
pid_246,1,2,1,1,1,2,2,2,5,5
pid_245,4,4,4,2,4,4,4,2,4,2
pid_244,4,4,4,1,2,2,2,1,5,4
pid_248,2,2,4,1,1,1,2,1,5,5
pid_249,2,4,2,1,4,4,4,2,4,4
pid_250,1,1,2,1,2,2,2,1,5,4
pid_255,5,5,5,5,5,5,5,5,1,1
pid_247,4,5,4,4,4,4,4,4,4,2
pid_254,1,2,1,1,2,2,2,1,5,5
pid_197,4,5,4,5,5,5,5,5,1,1
pid_256,1,2,1,1,1,2,4,1,5,5
pid_264,5,5,5,5,5,5,5,5,1,1
pid_258,1,1,1,1,1,1,2,1,5,5
pid_259,4,5,4,4,4,5,5,4,1,2
pid_257,1,2,2,1,2,2,2,1,4,4
pid_268,5,5,5,5,5,5,5,5,1,1
pid_202,2,4,4,4,5,4,4,4,1,1
pid_261,2,2,2,1,2,2,2,1,5,4
pid_262,1,1,1,1,1,1,2,1,5,5
pid_260,2,4,4,1,1,1,2,1,5,5
pid_263,2,5,2,1,1,1,4,1,5,5
pid_271,4,5,5,5,5,5,5,5,1,1
pid_272,5,5,5,5,5,5,5,5,1,1
pid_270,5,5,5,4,5,4,5,5,1,1
pid_267,5,5,5,4,4,5,4,4,2,2
pid_265,4,5,5,4,5,4,5,5,1,1
pid_275,4,5,5,5,5,5,5,5,1,1
pid_269,2,4,4,4,4,5,5,5,2,2
pid_282,5,5,5,5,5,5,5,5,1,1
pid_266,4,4,4,2,4,4,4,4,4,4
pid_280,5,5,5,5,5,5,5,5,1,1
pid_273,1,2,1,1,2,2,2,2,5,5
pid_278,5,5,5,5,5,5,5,5,1,1
pid_279,4,5,5,5,5,5,5,5,1,1
pid_274,2,4,4,1,1,2,4,1,5,5
pid_276,2,4,2,4,4,4,4,4,4,1
pid_290,5,5,5,5,5,5,5,5,1,1
pid_288,4,5,5,5,5,5,5,5,1,1
pid_286,1,2,2,1,1,1,2,1,5,5
pid_277,2,2,2,1,2,2,2,1,4,4
pid_285,4,4,4,1,2,4,2,1,5,5
pid_281,2,4,2,4,4,4,5,4,2,2
pid_283,2,4,4,1,2,2,2,1,5,4
pid_287,4,4,4,1,1,2,2,1,5,5
pid_291,2,4,2,1,2,2,4,1,5,5
pid_295,4,5,5,5,5,5,5,5,1,1
pid_293,5,5,5,5,5,5,5,5,1,1
pid_294,4,5,4,5,5,5,5,5,1,1
pid_299,5,5,5,5,5,5,5,5,1,1
pid_292,4,4,4,4,4,4,4,4,2,2
pid_284,3,4,4,4,4,4,2,4,2,4
pid_303,5,5,5,5,5,5,5,5,1,1
pid_289,2,4,2,4,4,4,4,4,2,2
pid_304,4,5,5,5,5,5,5,5,1,1
pid_296,2,2,2,2,2,2,2,1,4,4
pid_298,4,4,4,1,2,4,4,2,4,4
pid_301,5,5,5,5,5,5,5,5,1,1
pid_297,1,4,1,1,2,2,4,2,5,4
pid_306,4,5,5,5,5,5,5,5,1,1
pid_307,1,2,1,1,1,2,2,1,5,4
pid_308,5,5,5,5,5,5,5,5,1,1
pid_302,4,5,4,4,4,4,5,4,4,1
pid_300,4,4,4,4,4,5,5,4,2,2
pid_313,4,5,5,5,5,5,5,5,1,1
pid_315,5,5,5,5,5,5,5,5,1,1
pid_317,5,5,5,5,5,5,5,5,1,1
pid_310,5,5,5,5,5,5,5,5,1,1
pid_305,2,4,4,4,4,4,4,5,2,2
pid_309,2,4,4,4,4,4,4,4,2,2
pid_320,5,5,5,5,5,5,5,5,1,1
pid_311,4,4,4,4,4,4,5,4,2,2
pid_312,2,4,2,1,2,4,4,1,5,4
pid_323,2,5,4,5,5,5,5,5,1,1
pid_318,1,2,2,1,4,2,4,2,4,4
pid_324,4,5,5,5,5,5,5,5,1,1
pid_314,2,4,2,1,1,1,4,1,5,1
pid_316,4,4,4,1,1,2,2,1,4,4
pid_322,5,5,5,5,5,5,5,5,1,1
pid_329,5,5,5,5,5,5,5,5,1,1
pid_321,4,4,4,2,4,4,4,2,4,2
pid_319,2,2,2,2,4,2,2,2,4,4
pid_327,1,4,2,1,1,1,2,1,5,4
pid_326,2,4,2,1,2,4,4,2,4,4
pid_325,1,4,1,1,2,2,4,1,5,2
pid_330,5,5,5,5,5,5,5,5,1,1
pid_332,2,4,4,1,4,4,4,2,4,4
pid_331,1,2,1,1,2,2,2,1,5,5
pid_328,4,4,4,4,4,4,4,4,2,1
pid_336,1,2,2,1,1,2,2,1,5,4
pid_334,4,4,4,4,4,4,4,4,1,2
pid_339,4,5,5,5,5,5,5,5,1,1
pid_333,5,5,5,5,4,5,5,5,1,4
pid_341,5,5,5,5,5,5,5,5,1,1
pid_343,5,5,5,5,5,5,5,4,1,1
pid_337,2,4,2,2,4,4,4,4,4,4
pid_335,1,2,2,1,2,2,2,1,5,4
pid_342,5,5,5,5,5,5,5,5,1,1
pid_338,2,4,2,2,4,4,4,4,4,1
pid_344,5,5,5,5,5,5,5,5,1,1
pid_345,2,2,2,1,2,2,2,1,5,4
pid_340,2,2,2,2,2,2,4,1,5,5
pid_351,5,5,5,5,5,5,5,5,1,1
pid_354,5,5,5,5,5,5,5,5,1,1
pid_349,2,2,1,2,4,2,4,2,4,4
pid_347,4,4,4,4,4,4,4,4,4,2
pid_350,4,4,4,1,2,4,2,1,4,5
pid_353,1,2,1,1,1,2,2,1,5,5
pid_348,1,4,2,1,2,2,2,1,5,2
pid_352,4,5,4,4,4,5,5,4,1,1
pid_362,5,5,5,5,5,5,5,5,1,1
pid_361,5,5,5,5,5,5,5,5,1,1
pid_346,5,5,5,4,4,4,4,4,2,2
pid_355,4,4,4,3,4,4,4,4,2,2
pid_358,5,5,5,5,5,5,5,5,1,1
pid_357,1,2,2,2,2,1,2,1,5,4
pid_363,5,5,5,5,5,5,5,5,1,1
pid_360,2,4,4,1,2,2,4,1,4,4
pid_368,5,5,5,5,5,5,5,5,1,1
pid_356,2,4,1,4,5,5,5,4,1,1
pid_364,5,5,5,4,5,5,5,4,2,1
pid_359,4,4,4,4,4,4,4,2,4,4
pid_373,5,5,5,5,5,5,5,5,1,1
pid_365,4,5,4,2,4,4,4,2,2,2
pid_369,2,4,2,2,2,2,4,2,4,4
pid_374,4,5,5,5,5,5,5,5,1,1
pid_366,4,4,4,4,4,4,4,4,2,2
pid_370,2,4,2,2,2,4,4,2,4,4
pid_375,4,5,4,5,5,5,5,5,2,1
pid_376,4,5,4,5,5,5,5,5,1,1
pid_378,5,5,5,5,5,5,5,5,1,1
pid_372,2,4,2,1,2,2,4,1,5,5
pid_367,4,4,4,5,4,4,4,4,4,2
pid_371,2,4,2,1,2,2,4,1,5,4
pid_377,1,2,2,1,1,1,2,1,5,5
pid_380,2,4,2,2,2,4,4,2,4,4
pid_388,5,5,5,5,5,5,5,5,1,1
pid_379,3,4,4,2,4,4,4,4,2,2
pid_384,4,4,4,5,5,5,5,5,1,1
pid_394,5,5,5,5,5,5,5,5,1,1
pid_387,4,4,4,4,4,4,4,4,2,2
pid_381,4,4,4,2,4,4,4,4,4,3
pid_392,5,5,5,5,5,5,5,5,1,1
pid_389,5,5,5,4,5,5,5,4,1,1
pid_396,5,5,5,5,5,5,5,5,1,1
pid_397,5,5,5,5,5,5,5,5,1,1
pid_390,2,2,2,1,2,2,2,1,4,4
pid_386,4,4,4,4,4,4,4,4,2,2
pid_393,5,5,5,5,5,5,5,5,1,2
pid_383,2,4,4,1,1,2,2,1,4,4
pid_385,1,2,2,4,4,4,2,2,5,4
pid_382,4,4,4,2,4,4,4,4,4,2
pid_399,5,5,5,5,5,5,5,5,2,1
pid_400,5,5,5,5,5,5,5,5,1,1
pid_395,4,5,4,1,2,2,4,1,5,2
pid_391,2,3,2,2,4,2,4,4,5,2
pid_398,2,5,2,4,4,4,4,4,1,1
pid_403,5,5,5,5,5,5,5,5,1,1
pid_408,5,5,5,5,5,5,5,5,1,1
pid_410,5,5,5,5,5,5,5,5,1,1
pid_405,5,5,5,5,5,5,5,5,1,1
pid_401,1,4,1,4,4,4,4,5,2,1
pid_402,2,4,2,1,2,4,4,1,4,4
pid_404,2,2,4,1,1,1,2,1,5,5
pid_407,4,4,4,4,4,4,4,4,2,2
pid_409,4,4,4,1,1,2,2,1,4,4
pid_415,5,5,5,5,5,5,5,5,2,1
pid_406,2,2,2,4,4,2,4,4,4,2
pid_411,4,4,4,1,2,2,4,1,4,4
pid_412,4,2,2,1,1,1,2,1,5,5
pid_414,2,4,4,2,2,2,4,1,5,4
pid_413,2,4,2,4,5,5,5,5,2,1
pid_417,5,5,5,5,5,5,5,5,1,1
pid_419,5,5,5,5,5,5,5,5,1,1
pid_416,2,4,2,2,2,4,4,1,4,4
pid_418,2,4,4,2,4,4,4,2,4,2
pid_421,1,4,1,1,2,4,2,1,5,5
pid_422,1,2,2,1,2,2,2,1,5,2
pid_429,5,5,5,5,5,5,5,5,1,1
pid_423,4,5,4,1,2,4,2,1,4,4
pid_420,4,4,3,4,4,4,4,4,4,2
pid_426,4,4,4,2,4,4,4,2,4,4
pid_424,4,5,5,4,4,5,4,4,2,2
pid_436,4,5,5,5,5,5,5,5,1,1
pid_425,2,4,2,2,4,4,4,2,4,2
pid_430,4,4,4,2,2,4,4,2,4,4
pid_427,5,5,5,4,5,5,4,4,1,1
pid_435,1,2,1,1,2,1,2,1,5,5
pid_431,5,5,5,2,4,4,4,4,2,4
pid_438,5,5,5,5,5,5,5,5,1,1
pid_432,4,4,4,4,4,4,5,4,2,2
pid_437,4,5,5,5,5,5,5,5,1,1
pid_434,4,4,4,5,5,5,4,5,2,2
pid_428,4,5,4,4,4,4,4,4,4,2
pid_433,2,4,4,4,4,4,4,4,2,1
pid_441,1,2,2,1,1,1,2,1,5,5
pid_443,4,5,5,5,5,5,5,5,1,1
pid_439,2,4,2,1,2,4,4,1,4,4
pid_442,4,4,4,4,4,4,5,5,2,2
pid_446,4,5,5,5,5,5,5,5,1,1
pid_444,1,2,1,1,2,1,2,1,4,4
pid_450,5,5,5,5,5,5,5,5,1,1
pid_440,4,4,4,4,4,5,4,4,2,2
pid_451,5,5,5,5,5,5,5,5,1,1
pid_445,2,4,4,4,4,4,4,4,4,2
pid_447,1,4,2,1,2,2,2,1,5,4
pid_452,4,5,5,2,4,4,4,1,4,4
pid_456,4,5,5,5,5,5,5,5,1,1
pid_448,2,2,2,2,2,2,2,2,4,4
pid_461,5,5,5,5,5,5,5,5,1,1
pid_449,4,5,4,4,4,4,4,4,2,2
pid_459,5,5,5,5,5,5,5,5,1,1
pid_455,2,4,4,1,2,2,4,1,5,4
pid_463,5,5,5,5,5,5,5,5,1,1
pid_464,4,5,5,5,5,5,5,5,1,1
pid_457,4,4,2,1,2,4,4,2,4,1
pid_467,4,5,5,5,5,5,5,5,1,1
pid_453,2,4,2,2,2,4,4,2,4,4
pid_460,4,5,5,5,5,5,5,5,1,1
pid_454,4,4,2,4,4,4,4,2,4,2
pid_458,2,4,4,4,4,4,4,4,4,4
pid_465,5,5,5,5,5,5,5,5,1,1
pid_468,1,2,2,2,2,2,4,2,4,4
pid_466,4,5,5,5,5,5,5,5,1,1
pid_462,2,4,2,1,4,4,4,2,4,4
pid_469,4,4,4,2,2,4,4,1,4,4
pid_473,5,5,5,5,5,5,5,5,1,1
pid_470,2,4,4,5,5,5,5,5,1,1
pid_478,5,5,5,4,4,5,5,4,2,1
pid_485,5,5,5,5,5,5,5,5,1,1
pid_471,2,4,2,4,4,4,4,4,2,1
pid_474,4,5,5,4,4,4,4,4,2,2
pid_476,2,2,2,2,4,2,4,2,4,2
pid_472,2,4,2,1,2,2,4,2,4,2
pid_477,1,2,2,1,2,2,4,1,5,5
pid_484,4,5,4,4,4,5,5,4,2,1
pid_475,5,5,5,4,4,4,4,4,4,2
pid_486,5,5,5,5,5,5,5,5,1,1
pid_483,1,4,2,1,2,2,4,1,5,4
pid_481,1,2,2,1,1,2,4,2,5,4
pid_482,4,5,5,5,5,5,5,5,1,1
pid_479,4,4,2,1,1,2,4,1,5,5
pid_480,2,4,2,2,4,4,4,2,4,4
pid_489,4,5,5,5,5,5,5,5,1,1
pid_488,2,4,4,2,4,2,4,2,5,4
pid_491,4,4,4,5,5,5,5,5,1,1
pid_487,1,4,2,2,4,2,2,1,4,4
pid_490,2,4,2,4,4,4,4,5,2,1
pid_494,4,5,4,5,5,5,5,5,1,1
pid_497,5,5,5,5,5,5,5,5,1,1
pid_500,4,5,5,5,5,5,5,5,1,1
pid_493,5,5,5,5,5,5,5,5,1,1
pid_502,4,5,4,5,5,5,5,5,1,1
pid_495,4,5,4,4,5,5,5,5,1,1
pid_492,2,4,2,1,2,2,4,2,4,2
pid_499,5,5,5,5,5,5,5,5,1,1
pid_501,5,5,5,5,5,5,5,5,1,1
pid_503,4,5,4,5,5,4,5,5,1,1
pid_498,2,4,2,4,4,4,5,4,2,1
pid_496,5,5,4,4,4,4,5,4,2,4
pid_506,1,2,1,1,2,1,1,1,5,5
pid_513,5,5,5,5,5,5,5,5,1,1
pid_505,4,4,4,2,4,4,4,4,2,2
pid_508,2,4,2,5,5,5,5,5,1,1
pid_507,4,4,4,2,4,4,4,2,4,4
pid_504,4,4,4,4,4,4,4,4,2,2
pid_510,4,4,4,1,2,2,2,1,4,5
pid_511,5,5,5,4,4,4,5,4,1,2
pid_512,2,4,4,1,2,2,2,1,5,5
pid_516,4,5,5,5,5,5,5,5,1,1
pid_514,4,4,4,4,4,4,4,4,2,1
pid_509,2,4,4,1,2,2,4,2,5,4
pid_521,5,5,5,5,5,5,5,5,1,1
pid_518,5,5,5,4,5,5,5,5,1,1
pid_517,5,5,5,5,5,5,5,5,1,1
pid_524,5,5,5,5,5,5,5,5,1,1
pid_520,2,4,2,1,2,2,2,1,5,5
pid_522,5,5,5,5,5,5,5,5,1,1
pid_519,1,2,2,1,2,2,4,1,4,4
pid_515,4,4,5,4,4,4,4,4,2,2
pid_528,5,5,5,5,5,5,5,5,1,1
pid_525,4,4,4,2,4,4,4,2,4,4
pid_529,5,5,5,5,5,5,5,5,1,1
pid_531,4,5,5,4,4,5,5,4,1,1
pid_533,4,5,5,5,5,5,5,5,1,1
pid_523,4,4,5,4,4,4,5,4,1,1
pid_535,5,5,5,5,5,5,5,5,1,1
pid_532,4,5,4,5,5,5,5,5,1,1
pid_539,4,5,4,5,5,5,5,5,1,1
pid_526,2,4,2,1,2,2,4,1,5,4
pid_530,4,4,4,4,4,4,4,4,1,2
pid_536,1,1,1,1,4,1,1,1,5,5
pid_537,5,5,5,5,5,5,5,5,1,1
pid_527,3,4,4,4,4,4,4,4,2,4
pid_534,4,4,4,4,4,4,4,4,2,2
pid_543,4,5,4,4,4,4,5,4,2,2
pid_538,1,2,1,1,1,2,2,1,5,4
pid_544,4,5,5,5,5,5,5,5,1,1
pid_552,5,5,5,5,5,5,5,5,1,1
pid_541,4,5,4,4,4,5,4,4,2,2
pid_540,2,4,4,4,4,4,4,4,2,1
pid_549,5,5,5,5,5,5,5,5,1,1
pid_542,4,4,4,4,4,2,4,4,4,2
pid_545,5,5,5,4,5,5,5,4,1,1
pid_546,2,2,2,1,2,2,2,1,5,5
pid_548,2,4,2,1,2,4,2,2,4,4
pid_547,4,4,4,4,4,4,4,4,4,2
pid_555,4,4,4,5,4,4,4,4,2,1
pid_554,4,5,4,4,5,4,5,5,2,1
pid_559,5,5,5,5,5,5,5,5,1,1
pid_553,2,2,2,1,2,2,4,1,5,4
pid_551,4,4,4,4,4,4,4,2,4,4
pid_563,5,5,5,5,5,5,5,5,1,1
pid_562,5,5,5,5,5,5,5,5,1,1
pid_557,4,4,4,4,4,4,4,4,2,2
pid_550,4,4,4,4,4,5,4,4,2,4
pid_561,4,5,5,5,5,5,5,5,1,1
pid_568,5,5,5,5,5,5,5,5,1,1
pid_564,5,5,5,4,4,5,5,4,2,2
pid_556,2,4,2,4,4,4,5,4,4,2
pid_565,4,5,4,5,5,5,5,5,1,1
pid_570,5,5,5,5,5,5,5,5,1,1
pid_567,2,5,4,5,5,5,5,5,1,1
pid_566,1,4,2,2,4,2,2,2,5,4
pid_576,5,5,5,5,5,5,5,5,1,1
pid_560,2,2,4,2,4,4,4,4,2,4
pid_573,4,5,5,5,5,5,5,5,1,1
pid_579,5,5,5,5,5,5,5,5,1,1
pid_569,2,4,2,2,4,4,4,1,4,2
pid_574,2,4,2,1,2,2,4,1,5,4
pid_578,5,5,5,5,5,5,5,5,1,1
pid_575,2,4,2,2,4,2,4,1,4,2
pid_572,4,4,4,2,2,2,4,1,5,4
pid_558,2,4,2,4,5,5,4,5,1,2
pid_571,2,4,4,4,4,4,4,5,2,2
pid_580,2,2,2,1,2,2,2,1,5,4
pid_577,2,4,2,4,4,4,5,5,2,1
pid_585,1,2,1,1,1,1,2,1,5,5
pid_589,5,5,5,5,5,5,5,5,1,1
pid_590,5,5,5,5,5,5,5,5,1,1
pid_588,5,5,5,5,5,5,5,5,1,1
pid_582,2,4,2,4,4,4,5,4,2,2
pid_581,4,4,4,1,2,2,2,2,4,4
pid_586,4,5,4,4,4,4,5,4,2,1
pid_583,2,4,4,4,4,4,4,4,2,1
pid_584,2,5,2,4,4,4,4,2,4,2
pid_595,5,5,5,5,5,5,5,5,1,1
pid_597,4,5,5,5,5,5,5,5,1,1
pid_587,2,2,2,2,4,2,4,2,4,4
pid_598,5,5,5,5,5,5,5,5,1,1
pid_592,4,5,4,4,5,5,5,4,2,1
pid_600,5,5,5,5,5,5,5,5,1,1
pid_593,4,5,4,4,5,4,5,4,2,1
pid_596,4,4,4,4,4,5,4,4,2,2
pid_602,5,5,5,5,5,5,5,5,1,1
pid_594,4,5,5,5,5,5,5,5,1,1
pid_603,4,5,5,5,5,5,5,5,1,1
pid_591,4,4,4,4,4,4,4,4,2,2
pid_607,5,5,5,5,5,5,5,5,1,1
pid_605,4,5,5,5,5,5,5,5,1,1
pid_601,5,5,5,5,5,5,5,5,1,1
pid_599,4,4,4,4,4,4,5,4,2,2
pid_604,2,2,4,1,2,2,4,1,5,5
pid_606,2,4,4,2,4,4,4,4,2,2
pid_614,5,5,5,5,5,5,5,5,1,1
pid_613,5,5,5,5,5,5,5,5,1,1
pid_608,4,5,4,4,4,4,4,4,2,2
pid_610,3,5,4,5,5,5,5,5,1,1
pid_611,4,4,4,5,5,5,5,5,1,1
pid_612,4,5,4,4,4,5,5,4,1,1
pid_615,5,5,5,5,5,5,5,5,1,1
pid_621,4,5,5,5,5,5,5,5,1,1
pid_624,5,5,5,5,5,5,5,5,1,1
pid_618,4,5,5,5,5,5,5,5,1,1
pid_616,5,5,5,5,5,5,5,5,2,1
pid_617,4,5,4,5,5,5,5,5,1,1
pid_626,5,5,5,5,5,5,5,5,1,1
pid_609,2,4,4,4,4,4,4,4,2,2
pid_620,1,1,1,1,2,1,2,1,5,4
pid_619,2,2,1,2,2,2,2,2,5,4
pid_625,5,5,5,5,5,5,5,5,1,1
pid_623,1,2,1,1,2,2,4,1,5,5
pid_622,4,4,4,4,4,4,4,4,2,2
pid_630,5,5,5,5,5,5,5,5,1,1
pid_629,5,5,5,5,5,5,5,5,1,1
pid_627,1,1,1,1,1,1,1,1,5,5
pid_634,5,5,5,5,5,5,5,5,1,1
pid_628,2,4,4,4,4,4,4,4,2,2
pid_631,4,5,4,5,5,5,5,5,1,1
pid_643,5,5,5,5,5,5,5,5,1,1
pid_637,4,5,5,5,5,5,5,5,1,1
pid_639,2,4,4,5,5,5,5,5,1,1
pid_646,4,5,5,5,5,5,5,5,1,1
pid_632,4,4,4,4,4,4,4,4,2,2
pid_635,2,4,4,1,2,2,2,1,4,5
pid_638,4,4,4,2,2,4,4,2,4,4
pid_649,5,5,5,5,5,5,5,5,1,1
pid_636,2,4,3,4,4,4,4,4,2,2
pid_633,4,4,4,4,4,4,4,4,1,2
pid_644,2,4,2,2,2,2,4,1,4,4
pid_648,5,5,5,5,5,5,5,5,1,1
pid_642,2,5,4,2,4,4,4,2,5,4
pid_645,2,4,2,1,2,2,4,1,4,5
pid_640,1,4,2,4,4,2,2,4,4,1
pid_641,2,4,2,4,4,4,4,4,4,1
pid_652,5,5,5,5,5,5,5,5,1,1
pid_647,5,5,5,4,5,5,5,5,1,1
pid_661,5,5,5,5,5,5,5,5,1,1
pid_650,2,4,2,4,4,4,4,4,2,1
pid_654,5,5,5,5,5,5,5,5,1,1
pid_655,5,5,5,5,5,5,5,5,1,1
pid_653,1,1,1,1,1,1,2,1,5,5
pid_660,5,5,5,5,5,5,5,5,1,1
pid_651,2,4,4,4,4,4,4,4,4,2
pid_665,5,5,5,5,5,5,5,5,1,1
pid_658,4,4,4,4,4,4,4,4,2,2
pid_657,2,4,2,2,4,2,4,2,4,4
pid_666,5,5,5,5,5,5,5,5,1,1
pid_663,1,4,2,1,2,2,4,1,5,5
pid_667,1,2,2,2,2,2,2,1,5,4
pid_662,2,4,2,2,2,2,4,2,4,4
pid_659,2,4,4,4,4,4,4,4,2,4
pid_668,1,1,1,1,2,1,2,1,5,5
pid_669,2,2,2,1,2,2,2,1,4,5
pid_656,4,5,5,5,5,5,5,5,5,1
pid_675,4,5,5,5,5,5,5,5,1,1
pid_664,2,4,2,4,4,4,4,5,2,1
pid_671,1,1,1,2,4,1,2,1,5,4
pid_670,5,5,5,5,5,5,5,5,1,1
pid_678,4,5,5,5,5,5,5,5,1,1
pid_673,1,2,1,1,1,2,2,1,5,5
pid_680,5,5,5,5,5,5,5,5,1,1
pid_674,1,2,2,1,2,2,2,1,5,4
pid_677,4,4,4,5,5,5,5,5,1,1
pid_682,4,5,5,5,5,5,5,5,1,1
pid_685,5,5,5,5,5,5,5,5,1,1
pid_672,1,2,2,1,2,2,2,1,5,2
pid_684,5,5,5,5,5,5,5,5,1,1
pid_676,2,4,2,4,4,4,4,4,2,1
pid_681,2,4,4,4,4,4,5,4,2,2
pid_690,5,5,5,5,5,5,5,5,1,1
pid_687,1,2,1,1,1,1,2,1,5,4
pid_679,2,1,2,2,4,2,2,2,4,4
pid_688,1,2,1,1,2,2,2,1,5,5
pid_686,1,2,1,1,2,2,2,1,5,5
pid_683,5,5,4,2,4,4,4,2,4,2
pid_697,4,5,5,5,5,5,5,5,1,1
pid_689,1,2,1,1,1,1,2,1,5,5
pid_691,4,5,4,4,4,4,5,4,1,1
pid_693,5,5,5,5,5,5,5,5,1,1
pid_694,5,5,5,5,5,5,5,5,1,1
pid_699,5,5,5,5,5,5,5,5,1,1
pid_695,5,5,5,5,5,5,5,5,1,1
pid_698,4,5,5,5,5,5,5,5,1,1
pid_696,1,2,1,1,1,2,2,1,5,5
pid_701,1,2,2,1,2,2,2,1,4,4
pid_706,5,5,5,5,5,5,5,5,1,1
pid_692,1,4,2,2,2,2,2,1,4,4
pid_700,5,5,5,4,4,4,4,4,2,2
pid_713,5,5,5,5,5,5,5,5,1,1
pid_705,5,5,5,5,5,5,5,5,1,1
pid_715,5,5,5,5,5,5,5,5,1,1
pid_707,5,5,5,5,5,5,5,5,1,1
pid_702,4,5,4,4,4,4,4,4,2,2
pid_714,5,5,5,5,5,5,5,5,1,1
pid_709,4,4,4,5,5,5,5,5,1,1
pid_710,4,5,5,4,4,5,5,4,2,1
pid_708,2,5,4,1,1,2,4,1,5,5
pid_711,1,2,1,1,1,1,2,1,5,2
pid_703,4,4,4,4,4,4,4,4,2,2
pid_719,5,5,5,5,5,5,5,5,1,1
pid_712,2,2,2,2,2,2,2,1,5,4
pid_718,4,5,4,5,5,4,5,5,1,1
pid_721,5,5,5,5,5,5,5,5,1,1
pid_704,2,4,4,2,4,4,4,4,4,2
pid_717,4,5,4,2,4,4,4,2,4,2
pid_720,1,2,1,1,1,1,2,1,5,5
pid_727,4,5,5,5,5,5,5,5,1,1
pid_716,2,4,4,4,4,4,4,4,2,2
pid_722,4,5,4,4,4,5,4,4,2,1
pid_735,5,5,5,5,5,5,5,5,1,1
pid_732,5,5,5,5,5,5,5,5,1,1
pid_733,5,5,5,5,5,5,5,5,1,1
pid_731,5,5,5,5,5,5,5,5,1,1
pid_725,2,4,4,4,4,4,4,5,2,1
pid_738,5,5,5,5,5,5,5,5,1,1
pid_734,4,5,5,5,5,5,5,5,1,1
pid_726,2,4,2,4,4,4,4,4,4,1
pid_729,2,4,4,5,5,5,5,5,1,1
pid_724,4,4,4,4,4,4,4,4,4,2
pid_737,5,5,5,5,5,5,5,5,1,1
pid_730,4,5,4,4,5,5,5,5,1,1
pid_723,2,4,4,4,4,4,4,4,3,1
pid_728,2,4,2,2,4,4,4,2,4,2
pid_742,5,5,5,5,5,5,5,5,1,1
pid_739,5,5,5,5,5,5,5,5,1,1
pid_736,4,5,4,5,5,5,5,5,1,1
pid_751,5,5,5,5,5,5,5,5,1,1
pid_750,5,5,5,5,5,5,5,5,1,1
pid_741,4,5,4,4,4,4,4,4,2,1
pid_740,4,5,4,4,4,4,5,4,2,1
pid_754,5,5,5,5,5,5,5,5,1,1
pid_744,1,2,1,1,2,2,2,1,5,4
pid_743,4,4,4,1,2,2,4,1,5,4
pid_747,4,4,5,5,5,5,5,5,1,1
pid_748,4,4,4,5,5,5,5,5,1,1
pid_752,4,5,5,5,5,5,5,5,1,1
pid_745,2,4,2,1,2,2,2,1,5,4
pid_759,5,5,5,5,5,5,5,5,1,1
pid_757,5,5,5,5,5,5,5,5,1,1
pid_746,4,4,4,5,5,5,5,5,1,1
pid_755,4,4,4,4,4,4,5,4,2,1
pid_749,4,5,4,2,4,4,4,1,4,5
pid_756,2,4,2,2,4,4,4,2,4,4
pid_753,2,4,2,4,4,4,4,4,2,2
pid_761,5,5,5,5,5,5,5,5,1,1
pid_763,5,5,5,5,5,5,5,5,1,1
pid_758,2,4,4,4,4,4,4,4,4,2
pid_771,5,5,5,5,5,5,5,5,1,1
pid_773,4,5,4,5,5,5,5,5,1,1
pid_764,1,1,1,1,1,1,2,1,5,5
pid_769,5,5,5,5,5,5,5,5,1,1
pid_775,5,5,5,5,5,5,5,5,1,1
pid_762,4,4,4,4,5,4,4,4,2,1
pid_768,2,4,4,1,1,1,2,1,5,5
pid_760,4,4,4,4,4,4,4,4,2,2
pid_777,5,5,5,5,5,5,5,5,1,1
pid_766,4,5,4,1,2,2,4,1,4,4
pid_772,2,4,2,2,2,4,4,2,4,4
pid_779,4,5,5,5,5,5,5,5,1,1
pid_770,1,2,1,1,2,2,4,1,5,4
pid_776,5,5,5,5,5,5,5,5,1,1
pid_767,2,4,2,2,2,4,4,2,4,4
pid_774,4,5,4,5,5,5,5,5,1,1
pid_778,4,5,5,5,4,4,5,5,2,1
pid_782,5,5,5,5,5,5,5,5,1,1
pid_781,5,5,5,5,5,5,5,5,1,1
pid_765,5,4,4,4,5,4,4,4,2,2
pid_785,5,5,5,5,5,5,5,5,1,1
pid_780,1,2,2,2,2,2,4,2,4,4
pid_786,4,5,5,5,5,5,5,5,1,1
pid_783,1,4,2,1,2,4,4,1,4,4
pid_794,5,5,5,5,5,5,5,5,1,1
pid_784,3,4,4,4,4,4,5,4,2,1
pid_790,4,5,5,4,5,5,5,4,2,1
pid_788,4,5,5,5,5,5,5,5,1,1
pid_793,4,5,5,5,5,5,5,5,1,1
pid_797,4,5,5,5,5,5,5,5,1,1
pid_798,5,5,5,5,5,5,5,5,1,1
pid_795,5,5,5,5,5,5,5,5,1,1
pid_796,4,5,5,5,5,5,5,5,1,1
pid_801,4,5,4,5,5,5,5,5,1,1
pid_789,2,4,2,2,2,4,2,2,4,4
pid_799,4,5,5,5,5,5,5,5,1,1
pid_792,2,4,2,4,4,4,4,4,4,2
pid_787,2,4,2,4,4,4,4,4,4,4
pid_800,1,2,2,1,2,2,2,1,5,4
pid_791,1,2,2,1,2,4,4,1,5,5
pid_802,2,4,2,2,2,4,4,2,4,4
pid_806,5,5,5,5,5,5,5,5,1,1
pid_803,4,5,4,5,5,4,5,5,1,1
pid_810,4,5,5,5,5,5,5,5,1,1
pid_805,1,2,1,1,1,2,4,1,4,5
pid_815,5,5,5,5,5,5,5,5,1,1
pid_807,1,2,2,1,4,2,2,1,5,4
pid_809,4,5,5,4,4,4,5,4,2,2
pid_813,1,1,1,1,1,1,2,1,5,5
pid_819,5,5,5,5,5,5,5,5,1,1
pid_812,4,4,4,5,5,5,5,5,1,1
pid_818,4,5,4,5,5,5,5,5,1,1
pid_804,4,4,4,4,4,4,5,4,2,2
pid_811,2,5,2,4,4,4,5,4,2,2
pid_823,5,5,5,5,5,5,5,5,1,1
pid_808,4,4,4,4,4,4,4,4,2,2
pid_820,5,5,5,5,4,5,5,4,2,1
pid_817,2,4,2,2,4,4,4,4,4,4
pid_824,5,5,5,5,5,5,5,5,1,1
pid_822,1,4,2,1,1,2,2,1,5,5
pid_814,4,4,4,4,4,4,4,4,2,4
pid_816,2,4,4,4,4,4,4,4,2,4
pid_821,3,4,4,4,4,5,5,4,2,2
pid_827,2,2,1,1,1,1,2,1,5,5
pid_826,4,5,5,5,5,5,5,5,1,1
pid_829,4,5,4,5,5,5,5,5,1,1
pid_832,5,5,5,5,5,5,5,5,1,1
pid_825,1,2,2,1,2,2,4,1,5,4
pid_836,5,5,5,5,5,5,5,5,1,1
pid_833,4,5,4,5,5,5,5,5,1,1
pid_835,4,5,5,5,5,5,5,5,1,1
pid_830,5,5,5,4,5,5,5,5,1,1
pid_837,5,5,5,5,5,5,5,5,1,1
pid_834,4,4,4,4,4,5,4,4,1,2
pid_831,1,2,1,1,1,1,1,1,5,5
pid_843,4,5,5,5,5,5,5,5,1,1
pid_828,2,4,2,2,4,2,4,4,4,2
pid_846,5,5,5,5,5,5,5,5,1,1
pid_840,2,2,2,2,2,2,4,2,4,4
pid_839,4,4,4,4,4,4,5,4,2,1
pid_842,4,4,4,4,4,4,4,4,2,1
pid_844,4,4,4,4,4,4,4,4,2,2
pid_841,2,4,2,4,4,5,5,4,2,2
pid_849,5,5,5,5,5,5,5,5,1,1
pid_845,4,5,5,5,5,5,5,5,1,1
pid_838,4,4,4,4,4,4,5,4,2,1
pid_848,5,5,5,5,5,5,5,5,1,1
pid_847,5,5,5,5,5,5,5,5,1,1
pid_850,5,5,5,5,5,5,5,5,1,1
pid_854,4,5,5,5,5,5,5,5,2,1
pid_857,4,5,5,5,5,5,5,5,1,1
pid_858,5,5,5,5,5,5,5,5,1,1
pid_852,4,4,4,4,4,4,4,4,2,2
pid_851,4,4,4,4,4,4,4,4,2,1
pid_860,5,5,5,5,5,5,5,5,1,1
pid_866,5,5,5,5,5,5,5,5,1,1
pid_853,3,4,4,2,4,4,4,2,4,4
pid_856,4,5,4,4,4,4,4,4,2,2
pid_855,4,4,4,4,4,4,4,4,4,1
pid_864,2,2,2,1,1,1,2,1,5,5
pid_868,2,5,4,1,1,2,4,1,5,5
pid_861,4,5,5,4,4,5,4,5,1,2
pid_865,2,2,2,1,2,4,4,1,4,4
pid_863,4,4,4,5,5,5,4,4,1,1
pid_872,4,5,4,5,5,5,5,5,1,1
pid_859,2,4,2,2,4,2,2,2,5,4
pid_862,4,4,5,5,5,5,5,5,1,1
pid_870,2,4,2,1,1,4,4,1,4,4
pid_871,2,4,4,2,2,4,4,1,4,5
pid_869,2,4,2,1,2,2,4,2,4,4
pid_877,5,5,5,5,5,5,5,5,1,1
pid_880,5,5,5,5,5,5,5,5,1,1
pid_867,4,4,4,4,4,4,4,4,2,2
pid_876,2,5,2,4,4,4,4,4,2,1
pid_873,1,2,1,2,2,2,2,1,5,4
pid_874,5,5,5,4,4,5,5,5,2,1
pid_878,2,4,2,2,4,4,4,2,4,4
pid_875,4,4,4,4,4,4,4,4,2,2
pid_879,2,4,2,4,4,4,4,4,4,1
pid_888,5,5,5,5,5,5,5,5,1,1
pid_882,4,5,4,5,5,5,5,5,1,1
pid_883,4,4,4,4,4,4,4,4,2,2
pid_889,5,5,5,5,5,5,5,5,1,1
pid_881,2,2,2,1,1,1,2,1,5,5
pid_884,4,4,4,4,4,4,4,4,2,2
pid_890,1,1,1,1,1,1,2,1,5,5
pid_887,4,5,4,5,5,5,5,5,1,1
pid_886,4,4,4,4,5,5,5,4,2,1
pid_893,4,5,5,5,5,5,5,5,1,1
pid_891,2,4,2,2,2,4,4,1,4,4
pid_896,4,5,4,5,5,5,5,5,1,1
pid_885,4,4,4,4,5,4,4,4,2,1
pid_899,5,5,5,5,5,5,5,5,1,1
pid_900,5,5,5,5,5,5,5,5,1,1
pid_894,5,5,5,4,4,4,4,4,2,2
pid_897,2,2,2,2,2,4,2,2,4,4
pid_892,1,4,2,4,4,4,2,4,4,4
pid_895,4,5,4,4,4,4,5,4,2,2
pid_908,5,5,5,5,5,5,5,5,1,1
pid_903,2,4,2,2,4,4,4,2,4,4
pid_898,5,5,5,4,4,4,5,4,2,1
pid_913,5,5,5,5,5,5,5,5,1,1
pid_901,2,4,4,4,4,4,4,4,2,2
pid_902,4,4,4,4,4,4,4,4,2,2
pid_907,4,5,4,4,4,5,5,5,2,1
pid_905,4,5,4,4,5,4,4,5,4,1
pid_904,4,4,4,5,5,4,5,5,1,4
pid_915,5,5,5,5,5,5,5,5,1,1
pid_906,2,4,2,2,2,4,2,2,4,4
pid_911,4,4,4,4,4,5,4,4,2,2
pid_910,2,4,2,1,2,1,2,1,5,5
pid_909,2,4,2,4,4,4,4,4,2,1
pid_917,5,5,5,5,5,5,5,5,1,1
pid_923,5,5,5,5,5,5,5,5,1,1
pid_916,1,1,1,1,1,1,1,1,5,5
pid_912,2,4,2,4,4,4,5,4,2,2
pid_914,2,5,4,2,2,4,4,2,1,4
pid_921,4,5,4,5,5,5,5,5,1,1
pid_919,2,4,2,2,2,2,4,1,4,2
pid_924,2,4,4,5,5,5,5,5,1,1
pid_920,4,4,4,4,4,5,4,4,2,1
pid_922,4,5,4,4,4,4,4,4,2,2
pid_932,4,5,5,5,5,5,5,5,1,1
pid_927,1,1,1,1,2,2,2,1,5,5
pid_929,1,2,2,1,2,1,2,1,5,5
pid_928,4,5,4,5,5,5,5,5,1,1
pid_918,4,4,4,4,4,4,4,4,4,2
pid_925,2,4,3,4,4,4,5,4,2,1
pid_931,4,4,4,4,4,4,4,4,2,1
pid_926,2,4,2,4,4,4,4,4,2,2
pid_934,4,5,4,4,4,4,4,4,2,2
pid_938,4,5,5,5,5,5,5,5,1,1
pid_930,4,4,4,4,4,4,5,4,2,2
pid_933,2,4,4,2,2,2,4,2,4,2
pid_940,4,5,5,5,5,5,5,5,1,1
pid_942,5,5,5,5,5,5,5,5,1,1
pid_937,4,5,4,5,5,4,5,5,1,1
pid_943,4,5,5,5,5,5,5,5,1,1
pid_941,4,5,5,5,5,5,5,5,2,1
pid_939,4,5,4,4,4,4,5,5,2,1
pid_945,4,5,5,5,5,5,5,5,1,1
pid_935,4,4,4,4,4,4,4,4,4,2
pid_952,4,5,4,5,5,5,5,5,1,1
pid_936,2,4,2,4,4,2,4,4,4,1
pid_950,5,5,5,5,5,5,5,5,1,1
pid_946,4,5,4,4,4,4,4,4,2,1
pid_948,1,4,2,2,2,4,4,1,4,4
pid_947,5,5,4,4,5,4,4,5,1,1
pid_949,2,4,4,4,4,4,4,4,2,2
pid_951,2,4,2,1,2,2,2,2,4,4
pid_953,1,4,2,2,2,2,4,2,4,1
pid_944,4,4,2,2,4,4,4,4,4,2
pid_958,4,5,4,4,4,5,5,4,2,1
pid_960,5,5,5,5,5,5,5,5,1,1
pid_954,2,4,2,2,2,4,4,1,4,4
pid_961,4,5,4,5,5,5,5,4,1,1
pid_955,2,4,2,1,2,2,4,2,5,4
pid_963,5,5,5,5,5,5,5,5,1,1
pid_956,4,5,5,5,5,5,5,5,1,1
pid_965,4,5,4,5,5,5,5,5,1,1
pid_957,2,4,2,4,4,4,4,4,2,2
pid_968,5,5,5,5,5,5,5,5,1,1
pid_962,2,5,4,5,5,5,5,5,1,1
pid_970,5,5,5,5,5,5,5,5,1,1
pid_959,4,4,4,4,4,4,4,4,2,1
pid_966,2,2,2,1,1,2,2,1,5,5
pid_964,1,4,1,2,2,2,4,2,4,4
pid_974,4,5,5,5,5,5,5,5,1,1
pid_975,5,5,5,5,5,5,5,5,1,1
pid_967,2,4,2,1,2,2,4,1,4,2
pid_969,2,2,2,1,1,1,2,1,5,4
pid_971,4,5,5,5,4,4,4,4,1,1
pid_977,5,5,5,5,5,5,5,5,1,1
pid_973,5,5,5,5,5,5,5,5,1,1
pid_979,4,5,4,5,5,5,5,5,1,1
pid_972,4,3,5,5,5,5,5,5,1,1
pid_981,5,5,5,4,5,5,5,4,2,1
pid_984,5,5,5,5,5,5,5,5,1,1
pid_983,2,2,2,1,1,1,2,1,5,5
pid_976,2,4,2,2,4,4,4,2,4,4
pid_985,5,5,5,5,5,5,5,5,2,1
pid_978,3,4,4,4,4,4,5,4,2,2
pid_990,5,5,5,5,5,5,5,5,1,1
pid_980,2,4,2,2,2,2,4,1,5,4
pid_991,4,5,4,5,5,5,5,5,1,1
pid_993,5,5,5,5,5,5,5,5,1,1
pid_982,1,4,2,2,4,2,2,2,4,4
pid_987,5,5,5,5,5,5,5,4,1,1
pid_988,4,5,5,5,5,5,5,5,1,1
pid_986,2,4,2,4,4,4,4,4,2,2
pid_992,4,5,5,5,5,4,5,5,1,1
pid_989,4,5,5,4,4,4,4,4,2,1
pid_994,4,4,4,4,4,4,5,5,2,2
pid_998,5,5,5,5,5,5,5,5,1,1
pid_995,2,2,1,2,4,2,2,1,5,4
pid_997,4,5,5,4,4,5,5,4,1,1
pid_1001,2,2,1,2,2,2,2,1,5,5
pid_999,2,4,4,2,2,4,4,2,4,2
pid_1012,5,5,5,5,5,5,5,5,1,1
pid_1002,2,4,2,2,4,4,4,2,4,4
pid_1005,5,5,5,5,5,5,5,5,1,1
pid_1009,4,5,4,5,5,5,5,5,1,1
pid_1013,5,5,5,5,5,5,5,5,1,1
pid_1003,1,2,2,1,2,2,2,1,5,2
pid_996,3,4,4,2,4,4,4,2,4,4
pid_1015,5,5,5,5,5,5,5,5,1,1
pid_1017,4,5,5,5,5,5,5,5,1,1
pid_1010,4,4,4,4,4,5,5,4,1,1
pid_1004,2,4,2,4,4,4,4,4,4,1
pid_1007,4,5,5,5,5,5,5,5,1,2
pid_1006,2,4,2,1,2,2,4,2,5,4
pid_1016,4,5,5,5,5,5,5,5,1,1
pid_1011,4,5,4,4,4,4,5,4,1,1
pid_1018,5,5,5,5,5,5,5,5,1,1
pid_1014,4,5,5,4,4,5,5,4,2,1
pid_1008,4,4,4,4,4,4,4,4,2,1
pid_1000,2,2,2,4,4,4,4,5,5,2
pid_1020,5,5,5,5,5,5,5,5,1,1
pid_1022,5,5,5,5,5,5,5,5,1,1
pid_1025,4,5,4,5,5,5,5,5,1,1
pid_1021,4,5,4,5,5,5,5,5,1,1
pid_1024,1,1,1,1,1,1,1,1,5,5
pid_1029,2,5,4,5,5,5,5,5,1,1
pid_1034,5,5,5,5,5,5,5,5,1,1
pid_1028,4,5,5,5,5,5,5,5,1,1
pid_1019,2,4,2,4,4,4,5,4,2,1
pid_1026,4,5,4,4,4,4,5,4,2,1
pid_1023,2,4,4,4,4,4,5,4,2,2
pid_1036,5,5,5,5,5,5,5,5,1,1
pid_1027,4,5,4,5,5,5,5,5,1,1
pid_1039,5,5,5,5,5,5,5,5,1,1
pid_1032,4,5,4,4,4,4,5,4,1,1
pid_1040,5,5,5,5,5,5,5,5,1,1
pid_1033,5,5,5,5,5,5,5,5,1,1
pid_1031,4,4,4,4,4,5,5,4,2,1
pid_1041,5,5,5,5,5,5,5,5,1,1
pid_1030,2,2,2,4,4,2,4,2,5,2
pid_1037,1,2,2,1,2,2,4,1,4,4
pid_1049,5,5,5,5,5,5,5,5,1,1
pid_1038,4,5,5,4,4,5,4,4,2,4
pid_1052,5,5,5,5,5,5,5,5,1,1
pid_1043,1,4,2,2,2,2,4,1,5,4
pid_1051,5,5,5,5,5,5,5,5,1,1
pid_1056,5,5,5,5,5,5,5,5,1,1
pid_1042,4,2,4,2,2,2,4,2,4,4
pid_1046,2,4,2,2,2,4,2,1,4,4
pid_1044,2,2,2,1,2,2,2,1,5,4
pid_1050,4,5,5,5,5,5,5,5,1,1
pid_1047,2,4,2,1,4,4,4,4,4,2
pid_1045,2,5,4,5,5,4,5,5,2,1
pid_1055,5,5,5,5,5,5,5,5,1,1
pid_1053,5,5,5,4,4,5,5,4,2,1
pid_1058,5,5,5,5,5,5,5,5,1,1
pid_1060,5,5,5,5,5,5,5,5,1,1
pid_1057,5,5,5,5,5,5,5,5,1,1
pid_1048,4,4,4,4,4,4,4,4,4,2
pid_1054,4,5,4,4,5,4,5,4,2,1
pid_1061,4,5,5,5,5,5,5,5,1,1
pid_1059,1,2,1,1,2,1,1,1,5,5
pid_1064,5,5,5,5,5,5,5,5,1,1
pid_1062,2,2,2,2,2,2,2,1,5,4
pid_1071,4,5,4,5,5,5,5,5,1,1
pid_1072,4,5,5,5,5,5,5,5,1,1
pid_1066,1,2,1,2,2,2,2,1,5,4
pid_1073,4,4,4,5,5,5,5,5,1,1
pid_1076,4,5,5,5,5,5,5,5,1,1
pid_1068,1,2,1,1,2,2,1,1,5,5
pid_1078,5,5,5,5,5,5,5,5,1,1
pid_1065,1,2,2,2,2,4,2,2,5,4
pid_1074,1,2,1,1,1,1,2,1,5,5
pid_1080,5,5,5,5,5,5,5,5,1,1
pid_1070,2,4,4,5,4,4,4,4,2,2
pid_1081,5,5,5,5,5,5,5,5,1,1
pid_1079,4,5,4,5,5,5,5,5,1,1
pid_1063,4,4,4,4,4,4,4,4,2,2
pid_1069,1,4,1,1,1,2,2,1,5,2
pid_1067,2,5,4,1,2,2,2,1,5,5
pid_1075,4,5,4,4,4,4,4,4,1,2
pid_1077,2,4,2,1,2,2,4,1,4,4
pid_1085,5,5,5,5,5,5,5,5,1,1
pid_1086,4,5,5,5,5,5,5,5,1,1
pid_1087,4,5,5,5,5,5,5,5,1,1
pid_1084,5,5,5,5,5,5,5,5,1,1
pid_1088,4,5,5,5,5,5,5,5,1,1
pid_1035,2,2,1,1,2,2,2,1,5,4
pid_1092,5,5,5,5,5,5,5,5,1,1
pid_1090,4,5,4,5,5,5,5,5,1,1
pid_1100,5,5,5,5,5,5,5,5,1,1
pid_1089,4,5,5,5,5,5,5,5,1,1
pid_1098,5,5,5,5,5,5,5,5,1,1
pid_1096,4,4,4,5,5,4,5,5,2,1
pid_1091,1,2,2,1,2,4,4,2,4,1
pid_1082,1,4,1,2,2,2,4,4,4,1
pid_1097,2,4,4,4,5,5,5,4,1,2
pid_1083,4,5,4,4,4,4,4,4,2,4
pid_1099,5,5,5,5,5,5,5,5,1,1
pid_1095,4,4,4,4,4,4,4,4,4,4
pid_1103,5,5,5,5,5,5,5,5,1,1
pid_1094,4,5,5,5,5,5,5,5,1,1
pid_1093,2,2,2,2,4,2,4,4,4,1
pid_1102,4,5,5,5,5,5,5,5,1,1
pid_1105,4,5,5,5,5,5,5,5,1,1
pid_1101,5,5,5,5,5,5,5,5,1,1
pid_1111,5,5,5,5,5,5,5,5,1,1
pid_1117,5,5,5,5,5,5,5,5,1,1
pid_1107,4,4,4,5,5,5,5,4,2,1
pid_1108,2,2,1,1,2,2,4,1,4,4
pid_1109,2,2,2,1,2,1,2,1,5,4
pid_1104,1,4,2,1,4,2,4,4,4,2
pid_1113,5,5,5,5,5,5,5,5,1,1
pid_1106,4,5,4,1,1,2,4,1,5,4
pid_1121,4,5,4,5,5,5,5,5,1,1
pid_1124,4,5,5,5,5,5,5,5,1,1
pid_1110,2,2,2,1,2,2,2,1,5,5
pid_1116,2,5,2,5,4,4,5,4,1,2
pid_1125,5,5,5,5,5,5,5,5,1,1
pid_1120,4,4,4,4,4,4,4,4,2,2
pid_1112,2,5,4,5,5,5,5,5,1,1
pid_1118,4,5,4,5,5,5,5,5,1,1
pid_1115,2,4,2,2,4,4,4,4,4,2
pid_1114,4,4,5,3,4,4,4,4,2,4
pid_1119,2,4,4,4,4,4,5,5,2,2
pid_1122,2,2,2,2,2,4,2,1,5,5
pid_1123,2,4,2,2,4,4,4,2,4,4
pid_1128,5,5,5,5,5,5,5,5,1,1
pid_1127,5,5,5,5,5,5,5,5,1,1
pid_1130,5,5,5,5,5,5,5,5,1,1
pid_1129,1,2,1,1,1,2,2,1,5,5
pid_1139,5,5,5,5,5,5,5,5,1,1
pid_1126,5,5,4,2,4,4,4,4,2,4
pid_1134,4,5,4,5,5,5,5,5,1,1
pid_1133,2,4,2,2,4,4,4,2,4,1
pid_1138,1,2,1,1,1,1,2,1,5,5
pid_1136,2,4,2,1,2,4,4,1,4,4
pid_1135,2,4,2,2,2,2,2,1,5,5
pid_1140,4,5,4,4,4,4,4,4,1,2
pid_1131,2,4,2,4,4,4,4,4,4,2
pid_1132,4,4,4,4,4,4,4,4,2,2
pid_1149,5,5,5,5,5,5,5,5,1,1
pid_1142,1,2,1,4,4,2,4,4,4,1
pid_1144,1,2,1,1,2,4,4,1,5,4
pid_1143,4,4,4,4,4,4,4,4,2,1
pid_1141,4,5,4,4,4,4,4,4,2,4
pid_1148,1,1,2,1,1,2,2,1,5,5
pid_1147,5,5,5,5,5,5,5,5,1,1
pid_1145,4,4,4,4,4,4,4,4,1,2
pid_1146,3,4,4,4,4,4,4,4,2,4
pid_1151,1,1,1,1,1,1,2,1,5,5
pid_1150,4,5,4,5,5,5,5,5,1,1
pid_1155,5,5,5,5,5,5,5,5,1,1
pid_1137,4,4,4,5,5,4,4,5,5,1
pid_1159,5,5,5,5,5,5,5,5,1,1
pid_1154,4,5,5,5,5,5,5,5,1,1
pid_1153,4,4,4,4,4,4,4,4,2,2
pid_1166,5,5,5,5,5,5,5,5,1,1
pid_1152,2,4,4,4,4,4,4,2,4,4
pid_1168,5,5,5,5,5,5,5,5,1,1
pid_1156,5,5,5,5,5,5,5,5,1,1
pid_1164,5,5,5,5,5,5,5,5,1,1
pid_1157,4,5,4,4,4,5,4,4,2,1
pid_1169,5,5,5,5,5,5,5,5,1,1
pid_1167,5,5,5,5,5,5,5,5,1,1
pid_1162,4,4,4,2,4,4,4,2,4,4
pid_1173,4,5,4,5,5,5,5,5,1,1
pid_1158,2,4,2,4,4,4,4,4,2,2
pid_1161,4,4,4,4,4,4,5,4,2,1
pid_1165,4,4,4,4,4,4,5,4,2,1
pid_1163,1,2,1,4,4,1,2,1,5,4
pid_1160,2,2,2,2,4,4,2,4,5,4
pid_1171,4,5,5,4,4,4,5,5,2,2
pid_1175,5,5,5,5,5,5,5,5,1,1
pid_1179,5,5,5,5,5,5,5,5,1,1
pid_1178,4,5,5,5,5,5,5,5,1,1
pid_1172,2,4,2,2,4,2,4,2,4,4
pid_1174,4,5,5,5,4,4,5,5,2,1
pid_1176,4,5,5,5,5,5,5,5,1,1
pid_1170,4,4,4,4,4,4,5,4,2,2
pid_1181,5,5,5,5,5,5,5,5,1,1
pid_1182,1,2,1,1,2,1,1,1,5,5
pid_1188,5,5,5,5,5,5,5,5,1,1
pid_1177,2,4,2,2,4,4,4,2,4,2
pid_1180,4,5,4,5,5,5,5,5,1,1
pid_1189,4,5,5,5,5,5,5,5,1,1
pid_1185,4,5,4,5,4,5,5,5,1,1
pid_1190,4,5,4,5,5,5,5,5,1,1
pid_1183,1,4,1,2,2,2,2,4,5,2
pid_1184,4,5,5,5,5,5,5,5,1,1
pid_1195,5,5,5,5,5,5,5,5,1,1
pid_1193,1,2,2,1,2,2,2,1,5,4
pid_1186,2,4,2,4,4,4,4,4,2,2
pid_1187,4,4,4,5,4,5,5,4,1,1
pid_1197,2,4,2,1,2,4,4,1,4,4
pid_1194,4,5,5,5,5,5,5,5,1,1
pid_1202,1,1,1,1,1,1,2,1,5,5
pid_1198,1,4,1,1,2,2,4,1,5,5
pid_1192,2,4,2,4,4,4,4,4,2,2
pid_1204,5,5,5,5,5,5,5,5,1,1
pid_1191,5,5,5,4,5,4,4,5,4,1
pid_1199,5,5,5,5,5,5,5,5,1,1
pid_1196,4,5,4,4,4,4,4,4,2,2
pid_1200,2,4,2,2,4,3,2,1,4,4
pid_1203,1,1,1,1,2,2,2,1,5,5
pid_1201,2,4,2,4,4,4,4,4,2,1
pid_1209,5,5,5,5,5,5,5,5,1,1
pid_1205,4,5,4,5,5,4,4,4,2,2
pid_1211,5,5,5,5,5,5,5,5,1,1
pid_1213,5,5,5,5,5,5,5,5,1,1
pid_1207,4,5,4,5,5,5,5,5,1,1
pid_1206,2,4,2,2,2,4,2,2,4,1
pid_1210,1,2,2,1,2,2,4,1,4,4
pid_1214,2,4,2,2,4,4,4,2,4,4
pid_1217,4,5,5,5,5,5,5,5,1,1
pid_1223,5,5,5,5,5,5,5,5,1,1
pid_1221,4,5,5,5,5,5,5,5,1,1
pid_1208,4,4,4,1,2,1,2,1,5,5
pid_1216,1,4,2,1,4,4,4,1,4,4
pid_1218,1,2,2,1,2,2,2,1,5,5
pid_1222,4,4,4,5,5,5,5,5,1,1
pid_1226,5,5,5,5,5,5,5,5,1,1
pid_1212,1,2,2,2,2,4,4,1,5,5
pid_1215,4,4,4,4,4,4,4,4,2,2
pid_1225,1,2,1,1,1,1,2,1,5,5
pid_1224,1,2,1,1,2,2,2,1,5,5
pid_1219,4,4,4,4,4,4,4,4,2,2
pid_1228,5,5,5,5,5,5,5,5,1,1
pid_1230,5,5,5,5,5,5,5,5,1,1
pid_1220,2,4,2,4,4,4,4,4,2,1
pid_1227,2,4,1,1,1,2,4,1,4,4
pid_1234,4,5,5,5,5,5,5,5,1,1
pid_1229,4,4,4,4,4,4,4,4,4,4
pid_1231,2,2,2,2,4,2,2,4,5,2
pid_1235,4,5,5,5,5,5,5,5,1,1
pid_1238,4,5,4,5,5,5,5,5,1,1
pid_1244,5,5,5,5,5,5,5,5,1,1
pid_1233,2,4,2,4,4,4,4,4,2,2
pid_1240,4,5,5,5,5,5,5,5,1,1
pid_1243,5,5,5,5,5,5,5,5,1,1
pid_1232,1,4,2,1,4,4,4,1,4,4
pid_1236,5,5,4,4,4,4,4,4,2,2
pid_1248,5,5,5,5,5,5,5,5,1,1
pid_1242,1,2,2,1,1,2,2,1,5,4
pid_1239,4,4,4,5,5,5,5,5,1,1
pid_1237,2,5,4,4,4,4,5,4,2,1
pid_1246,2,5,4,5,5,5,5,5,1,1
pid_1249,2,4,2,2,2,2,4,2,5,1
pid_1245,4,4,4,4,4,4,4,4,4,2
pid_1241,4,4,4,4,4,4,4,4,2,2
pid_1250,1,2,2,1,2,2,2,1,5,4
pid_1253,4,5,5,5,5,5,5,5,1,1
pid_1260,5,5,5,5,5,5,5,5,1,1
pid_1247,2,2,2,2,4,4,4,2,4,2
pid_1262,5,5,5,5,5,5,5,5,1,1
pid_1254,1,2,1,1,2,2,2,1,5,5
pid_1255,5,5,5,5,5,5,5,5,1,1
pid_1251,4,5,5,5,5,5,5,5,1,1
pid_1257,2,5,4,5,5,5,5,5,1,1
pid_1263,5,5,5,5,5,5,5,5,1,1
pid_1259,1,2,1,1,2,1,2,1,5,5
pid_1256,2,4,2,4,4,4,5,4,2,2
pid_1258,2,2,2,2,4,4,2,2,4,4
pid_1252,2,2,4,1,2,2,2,1,5,4
pid_1261,4,4,4,1,2,4,4,1,4,5
pid_1266,2,5,4,5,5,5,5,5,1,1
pid_1274,5,5,5,5,5,5,5,5,1,1
pid_1265,1,2,1,2,4,4,4,2,4,4
pid_1278,5,5,5,5,5,5,5,5,1,1
pid_1264,2,2,1,4,4,4,4,4,4,2
pid_1270,1,2,1,1,1,2,4,1,5,5
pid_1272,5,5,5,4,4,4,5,4,2,1
pid_1269,2,4,2,2,4,4,4,4,4,4
pid_1277,5,5,5,5,5,5,5,5,1,1
pid_1268,2,4,2,4,4,4,4,4,4,2
pid_1279,4,5,5,5,5,5,5,5,1,1
pid_1281,2,5,4,5,5,5,5,5,1,1
pid_1275,1,1,1,1,2,2,2,1,5,5
pid_1267,2,4,4,4,4,4,4,4,4,1
pid_1273,2,2,2,1,2,2,4,1,4,4
pid_1271,2,5,4,1,2,2,4,1,5,5
pid_1276,2,4,2,2,4,4,2,2,4,4
pid_1280,1,2,1,1,1,2,2,1,5,4
pid_1284,5,5,5,5,5,5,5,5,1,1
pid_1283,2,2,2,1,1,2,2,1,5,5
pid_1290,5,5,5,5,5,5,5,5,1,1
pid_1282,4,4,4,2,4,4,5,2,4,4
pid_1287,5,5,5,5,5,5,5,5,1,1
pid_1291,5,5,5,5,5,5,5,5,1,1
pid_1286,4,5,4,4,4,5,4,4,2,1
pid_1292,5,5,5,5,5,5,5,5,1,1
pid_1289,4,5,4,5,5,5,5,5,1,1
pid_1296,5,5,5,5,5,5,5,5,1,1
pid_1295,5,5,5,5,5,5,5,5,1,1
pid_1288,5,5,5,4,4,5,4,4,2,1
pid_1293,4,5,4,4,4,4,5,4,2,1
pid_1299,4,5,5,5,5,5,5,5,1,1
pid_1303,4,5,5,5,5,5,5,5,1,1
pid_1302,5,5,5,5,5,5,5,5,1,1
pid_1300,1,2,1,1,1,1,2,1,5,5
pid_1305,5,5,5,5,5,5,5,5,1,1
pid_1298,5,5,4,5,5,5,5,5,1,1
pid_1285,2,2,4,2,4,4,4,2,2,4
pid_1297,4,4,4,1,2,2,4,1,5,5
pid_1294,2,4,2,4,4,4,4,4,3,4
pid_1306,5,5,5,5,5,5,5,5,1,1
pid_1301,4,5,4,4,4,5,5,4,1,1
pid_1311,5,5,5,5,5,5,5,5,1,1
pid_1307,5,5,5,5,5,5,5,5,1,1
pid_1304,5,5,5,4,4,4,4,4,2,2
pid_1309,1,1,2,1,1,2,2,1,5,5
pid_1310,4,5,4,5,5,5,5,4,1,1
pid_1308,4,5,5,4,4,5,5,4,2,1
pid_1312,4,5,4,5,5,5,5,5,2,1
pid_1313,2,5,2,1,2,4,4,1,4,4
pid_1314,1,4,2,1,1,2,2,1,5,5
pid_1324,5,5,5,5,5,5,5,5,1,1
pid_1317,4,5,4,4,4,4,5,4,2,1
pid_1322,5,5,5,5,5,5,5,5,1,1
pid_1321,1,2,1,1,2,2,4,1,5,4
pid_1318,4,5,4,5,5,5,5,5,1,1
pid_1323,5,5,5,5,5,5,5,5,1,1
pid_1327,5,5,5,5,5,5,5,5,1,1
pid_1316,4,5,4,5,5,4,5,5,4,1
pid_1319,2,4,2,1,2,4,4,1,5,4
pid_1315,4,4,4,2,4,4,4,4,2,4
pid_1328,5,5,5,5,5,5,5,5,1,1
pid_1329,4,5,5,5,5,5,5,5,1,1
pid_1332,3,5,4,5,5,5,5,5,1,1
pid_1326,4,5,5,5,5,5,5,5,1,1
pid_1320,2,5,2,4,4,4,4,4,4,1
pid_1325,4,5,5,1,2,2,4,1,4,5
pid_1333,5,5,5,5,5,5,5,5,1,1
pid_1334,5,5,5,5,5,5,5,5,1,1
pid_1338,5,5,5,5,5,5,5,5,1,1
pid_1339,4,5,5,5,5,5,5,5,1,1
pid_1335,4,5,4,5,5,5,5,5,1,1
pid_1337,2,4,4,5,5,5,5,5,1,1
pid_1331,5,5,5,5,5,5,5,4,1,1
pid_1330,4,4,4,2,4,4,4,4,2,4
pid_1340,5,5,5,5,5,5,5,5,1,1
pid_1348,5,5,5,5,5,5,5,5,1,1
pid_1336,2,4,2,1,2,2,2,2,5,4
pid_1345,5,5,5,5,5,5,5,5,1,1
pid_1342,4,5,4,5,5,5,5,5,1,1
pid_1341,4,4,4,5,5,5,5,4,1,1
pid_1350,5,5,5,5,5,5,5,5,1,1
pid_1344,4,4,4,2,2,4,4,2,4,4
pid_1357,5,5,5,5,5,5,5,5,1,1
pid_1353,5,5,5,5,5,5,5,5,1,1
pid_1343,2,4,2,2,4,4,4,2,4,2
pid_1351,1,2,1,1,2,2,2,1,5,4
pid_1349,1,2,2,1,1,2,2,1,5,4
pid_1355,4,5,4,5,5,5,5,5,1,1
pid_1352,2,5,5,5,5,5,5,5,1,1
pid_1346,4,4,4,2,4,4,2,2,4,4
pid_1356,4,5,5,5,5,5,5,5,1,1
pid_1362,5,5,5,5,5,5,5,5,1,1
pid_1347,4,4,4,4,5,5,5,4,2,1
pid_1358,5,5,5,4,4,4,5,4,2,1
pid_1363,4,5,5,5,5,5,5,5,1,1
pid_1361,5,5,5,5,5,5,5,5,1,1
pid_1365,5,5,5,5,5,5,5,5,1,1
pid_1354,2,4,4,2,2,4,2,2,4,2
pid_1367,5,5,5,5,5,5,5,5,1,1
pid_1360,2,4,2,4,4,4,5,4,4,1
pid_1359,1,2,1,1,1,1,2,1,5,4
pid_1371,4,5,5,5,5,5,5,5,1,1
pid_1369,1,2,1,1,1,1,2,1,5,5
pid_1376,5,5,5,5,5,5,5,5,1,1
pid_1375,5,5,5,5,5,5,5,5,1,1
pid_1372,4,5,4,5,5,5,5,5,1,1
pid_1364,4,5,4,4,4,4,4,4,4,1
pid_1366,2,4,2,2,2,2,2,1,4,4
pid_1377,5,5,5,5,5,5,5,5,1,1
pid_1370,2,2,2,1,4,2,2,1,5,2
pid_1379,5,5,5,5,5,5,5,5,1,1
pid_1374,2,4,2,2,4,2,4,1,4,2
pid_1368,2,4,2,4,4,4,4,4,2,2
pid_1381,1,1,1,1,2,1,4,1,5,5
pid_1383,5,5,5,5,5,5,5,5,1,1
pid_1380,5,5,5,5,5,5,5,5,1,1
pid_1373,2,2,2,2,4,2,4,4,4,4
pid_1378,1,2,1,1,1,1,2,1,5,4
pid_1382,4,5,4,4,5,4,5,5,2,1
pid_1389,5,5,5,5,5,5,5,5,1,1
pid_1384,2,2,2,2,2,2,4,1,4,4
pid_1390,5,5,5,5,5,5,5,5,1,1
pid_1386,4,5,4,5,5,5,5,5,1,1
pid_1391,1,2,1,1,1,1,2,1,5,5
pid_1387,2,5,4,4,5,4,5,5,2,2
pid_1397,4,5,5,5,5,5,5,5,1,1
pid_1400,5,5,5,5,5,5,5,5,1,1
pid_1394,1,2,2,1,2,2,2,1,5,5
pid_1385,2,4,4,4,4,4,4,4,3,2
pid_1396,1,2,2,1,1,1,1,1,5,5
pid_1392,2,4,2,2,4,4,4,2,4,2
pid_1405,5,5,5,5,5,5,5,5,1,1
pid_1401,4,5,4,4,4,4,4,5,4,1
pid_1388,5,5,5,5,5,5,4,5,1,4
pid_1393,4,5,4,4,4,4,4,4,2,2
pid_1403,4,5,4,5,5,5,5,5,1,1
pid_1399,2,5,4,4,4,4,4,4,4,1
pid_1398,2,4,2,4,4,4,4,4,2,2
pid_1404,2,4,2,2,4,4,4,4,4,4
pid_1409,4,5,5,5,5,5,5,5,1,1
pid_1402,2,2,2,2,4,4,2,4,4,4
pid_1411,5,5,5,5,5,5,5,5,1,1
pid_1395,2,2,4,2,4,4,4,2,4,4
pid_1412,5,5,5,5,5,5,5,5,1,1
pid_1407,4,4,4,4,4,4,4,4,2,1
pid_1406,4,4,2,4,4,4,4,4,2,4
pid_1410,2,4,2,4,4,4,4,4,4,2
pid_1408,4,5,4,5,5,5,5,5,1,1
pid_1413,1,2,1,1,1,1,2,1,5,5
pid_1419,5,5,5,5,5,5,5,5,1,1
pid_1414,2,4,2,1,2,4,4,1,4,5
pid_1422,5,5,5,5,5,5,5,5,1,1
pid_1425,5,5,5,5,5,5,5,5,1,1
pid_1417,2,4,4,5,5,5,5,5,1,1
pid_1424,5,5,5,5,5,5,5,5,1,1
pid_1418,5,5,5,5,5,5,5,5,1,1
pid_1416,4,4,4,1,1,2,2,1,5,5
pid_1415,2,2,2,2,4,4,4,4,4,4
pid_1427,5,5,4,4,5,4,5,5,1,1
pid_1421,2,2,2,4,4,4,4,4,4,2
pid_1423,4,5,4,1,2,4,5,2,4,4
pid_1432,5,5,5,5,5,5,5,5,1,1
pid_1428,4,5,4,4,5,5,5,5,1,1
pid_1429,2,4,2,1,2,2,4,1,5,5
pid_1420,4,4,4,4,4,4,5,4,2,2
pid_1435,5,5,5,5,5,5,5,5,1,1
pid_1426,2,4,2,4,4,4,4,4,4,2
pid_1438,5,5,5,5,5,5,5,5,1,1
pid_1430,1,2,1,1,2,2,2,1,5,5
pid_1431,5,5,5,4,4,4,4,4,2,2
pid_1437,4,5,5,5,5,5,5,5,1,1
pid_1441,5,5,5,5,5,5,5,5,1,1
pid_1443,5,5,5,5,5,5,5,5,1,1
pid_1433,4,4,4,2,4,4,4,4,2,4
pid_1434,5,5,5,4,4,4,5,4,2,2
pid_1440,5,4,5,4,4,5,4,4,2,2
pid_1447,5,5,5,5,5,5,5,5,1,1
pid_1439,4,5,5,5,5,5,5,5,1,1
pid_1436,2,2,2,4,4,2,4,4,4,2
pid_1446,4,5,4,5,5,5,5,5,1,1
pid_1449,5,5,5,5,5,5,5,5,1,1
pid_1448,5,5,5,5,5,5,5,5,2,1
pid_1442,2,4,4,2,4,4,4,2,4,4
pid_1444,4,4,4,4,4,5,5,4,2,2
pid_1452,5,5,5,5,5,5,5,5,1,1
pid_1450,4,5,5,5,5,5,5,5,1,1
pid_1445,3,4,2,2,4,4,4,2,4,4
pid_1455,4,5,5,5,5,5,5,5,1,1
pid_1451,4,5,5,5,5,5,5,5,1,1
pid_1457,5,5,5,5,5,5,5,5,1,1
pid_1453,2,4,2,2,2,2,4,1,5,4
pid_1454,4,4,4,2,4,4,4,2,2,4
pid_1461,5,5,5,5,5,5,5,5,1,1
pid_1459,5,5,5,5,5,5,5,5,1,1
pid_1463,4,5,5,5,5,5,5,5,1,1
pid_1456,2,5,4,2,2,4,4,2,4,5
pid_1470,5,5,5,5,5,5,5,5,1,1
pid_1460,2,2,2,2,2,4,4,1,4,4
pid_1462,1,2,2,1,2,2,2,1,5,4
pid_1471,4,5,5,5,5,5,5,5,1,1
pid_1472,4,5,5,5,5,5,5,5,1,1
pid_1466,1,2,2,1,1,2,4,1,5,4
pid_1458,2,2,2,2,4,4,4,2,4,4
pid_1474,5,5,5,5,5,5,5,5,1,1
pid_1467,2,4,2,2,4,4,4,2,4,2
pid_1464,2,5,4,2,4,4,4,2,4,2
pid_1480,5,5,5,5,5,5,5,5,1,1
pid_1475,4,5,5,5,5,5,5,5,1,1
pid_1468,4,4,4,4,4,4,4,4,2,2
pid_1476,4,5,4,4,5,5,5,5,2,1
pid_1473,2,5,4,4,4,5,5,5,1,2
pid_1465,4,4,5,4,5,4,4,4,1,2
pid_1469,4,5,4,4,5,4,4,4,2,1
pid_1479,4,5,4,4,4,4,4,4,2,2
pid_1477,2,4,2,4,4,4,4,4,2,2
pid_1486,4,5,5,5,5,5,5,5,1,1
pid_1478,4,5,5,4,4,4,4,4,2,1
pid_1490,5,5,5,5,5,5,5,5,1,1
pid_1481,2,2,2,1,1,2,2,1,5,4
pid_1484,2,2,2,1,1,2,2,1,5,5
pid_1482,4,5,4,4,4,4,4,4,2,1
pid_1483,4,4,4,4,4,4,4,4,2,2
pid_1492,4,5,4,5,5,5,5,5,1,1
pid_1493,5,5,5,5,5,5,5,5,1,1
pid_1485,2,4,2,2,4,2,4,2,4,4
pid_1487,1,2,1,2,2,2,2,1,5,4
pid_1488,5,5,5,5,5,5,5,4,1,1
pid_1491,4,5,4,4,4,4,5,4,2,2
pid_1489,2,4,4,1,2,2,2,1,5,4
pid_1500,5,5,5,5,5,5,5,5,1,1
pid_1496,2,4,2,2,4,4,4,2,4,4
pid_1494,2,4,4,4,4,4,4,4,2,1
pid_1497,5,5,5,5,5,5,5,5,1,1
pid_1505,5,5,5,5,5,5,5,5,1,1
pid_1499,4,5,5,5,5,5,5,5,1,1
pid_1501,1,2,2,1,2,1,2,1,5,5
pid_1495,2,4,2,1,4,4,4,1,4,4
pid_1498,2,4,2,4,4,4,4,4,2,4
pid_1506,1,2,1,1,1,1,1,1,5,5
pid_1509,5,5,5,5,5,5,5,5,1,1
pid_1504,4,5,5,5,5,5,5,5,1,1
pid_1502,2,4,4,2,4,4,4,4,4,2
pid_1515,5,5,5,5,5,5,5,5,1,1
pid_1507,1,2,1,1,2,2,2,1,5,5
pid_1518,1,1,1,1,1,1,1,1,5,5
pid_1503,2,2,2,2,4,2,4,2,4,1
pid_1511,4,5,5,4,5,5,5,4,1,2
pid_1517,4,5,5,5,5,5,5,5,1,1
pid_1516,5,5,5,5,5,5,5,5,1,1
pid_1521,5,5,5,5,5,5,5,5,1,1
pid_1512,1,2,1,2,2,2,2,1,5,4
pid_1508,2,4,4,4,4,4,4,4,4,2
pid_1519,5,5,5,5,5,5,5,5,1,1
pid_1510,4,4,4,4,4,4,5,4,2,1
pid_1513,5,5,5,4,4,4,5,4,2,2
pid_1514,2,2,2,2,4,2,4,2,4,4
pid_1524,5,5,5,5,5,5,5,5,1,1
pid_1522,4,5,4,5,5,5,5,5,1,1
pid_1520,4,4,4,4,4,4,4,4,2,2
pid_1527,5,5,5,5,5,5,5,5,1,1
pid_1531,5,5,5,5,5,5,5,5,1,1
pid_1523,2,2,2,1,2,1,2,1,5,4
pid_1525,4,4,4,4,5,4,5,5,1,1
pid_1537,5,5,5,5,5,5,5,5,1,1
pid_1539,5,5,5,5,5,5,5,5,1,1
pid_1538,5,5,5,5,5,5,5,5,1,1
pid_1529,4,5,4,4,4,5,5,5,2,1
pid_1526,4,4,4,4,4,4,4,4,2,4
pid_1530,1,4,2,2,2,4,4,1,4,4
pid_1535,1,2,2,1,2,2,2,1,5,4
pid_1528,2,5,4,4,5,5,4,4,2,2
pid_1534,4,4,4,4,4,4,5,4,2,2
pid_1532,2,4,2,4,4,4,4,4,4,2
pid_1541,2,4,2,1,1,1,2,1,5,5
pid_1540,4,4,4,2,4,4,4,2,4,4
pid_1533,2,4,2,4,4,4,4,4,2,2
pid_1546,5,5,5,5,5,5,5,5,1,1
pid_1542,1,2,1,1,2,2,2,1,5,5
pid_1550,5,5,5,5,5,5,5,5,1,1
pid_1544,4,4,4,4,4,5,5,4,2,1
pid_1536,4,5,4,4,4,5,5,4,2,1
pid_1547,1,1,2,2,1,2,2,1,5,5
pid_1549,4,5,5,5,5,5,5,5,1,1
pid_1551,5,5,5,5,5,5,5,5,1,1
pid_1548,5,5,5,5,5,5,5,5,1,1
pid_1545,2,2,2,2,2,4,4,2,4,4
pid_1556,5,5,5,5,5,5,5,5,1,1
pid_1543,2,5,4,4,4,4,5,4,2,1
pid_1552,1,2,2,1,2,2,2,1,5,5
pid_1557,5,5,5,5,5,5,5,5,1,1
pid_1553,2,2,2,1,1,1,2,1,5,4
pid_1559,1,2,1,1,1,1,2,1,5,4
pid_1554,4,4,4,4,4,4,4,4,2,2
pid_1565,5,5,5,5,5,5,5,5,1,1
pid_1567,5,5,5,5,5,5,5,5,1,1
pid_1562,4,5,5,5,5,5,5,5,1,1
pid_1558,1,2,1,1,2,2,2,1,5,4
pid_1563,4,5,5,5,5,5,5,5,1,1
pid_1555,2,4,2,4,4,4,4,4,2,2
pid_1564,5,5,5,5,5,5,5,5,1,1
pid_1561,5,5,5,5,5,5,5,5,1,1
pid_1568,2,5,4,5,5,5,5,5,1,1
pid_1573,5,5,5,5,5,5,5,5,1,1
pid_1572,5,5,5,5,5,5,5,5,1,1
pid_1566,2,2,2,2,2,4,2,1,4,4
pid_1570,4,5,5,5,5,5,5,5,1,1
pid_1560,2,2,2,2,4,4,4,4,4,2
pid_1569,2,4,2,2,4,4,4,2,4,4
pid_1580,5,5,5,5,5,5,5,5,1,1
pid_1577,4,5,4,4,4,4,5,4,2,2
pid_1571,2,4,2,2,2,3,2,2,4,4
pid_1584,5,5,5,5,5,5,5,5,1,1
pid_1574,2,4,2,2,4,4,4,2,4,4
pid_1583,4,5,5,5,5,5,5,5,1,1
pid_1586,5,5,5,5,5,5,5,5,1,1
pid_1578,5,5,5,4,4,4,4,4,2,2
pid_1576,4,4,4,4,5,5,4,4,1,1
pid_1575,2,3,2,2,4,4,4,4,2,2
pid_1579,2,4,2,2,4,2,4,1,5,2
pid_1582,4,5,4,5,5,4,5,5,1,1
pid_1591,5,5,5,5,5,5,5,5,1,1
pid_1585,1,2,2,1,2,2,2,1,5,5
pid_1587,4,5,4,4,4,4,4,4,2,2
pid_1590,2,4,3,4,4,4,5,4,2,2
pid_1588,4,5,5,5,5,5,5,5,1,1
pid_1595,2,4,4,5,5,5,5,5,1,1
pid_1589,2,4,2,4,4,4,4,4,2,2
pid_1600,4,5,5,5,5,5,5,5,1,1
pid_1594,4,5,5,2,2,4,4,2,4,4
pid_1604,5,5,5,5,5,5,5,5,1,1
pid_1602,4,5,5,5,5,5,5,5,1,1
pid_1593,2,5,4,4,5,4,4,4,2,1
pid_1606,5,5,5,5,5,5,5,5,1,1
pid_1596,4,5,4,5,5,5,5,5,1,1
pid_1597,2,2,2,2,1,1,2,1,5,4
pid_1605,5,5,5,5,5,5,5,5,1,1
pid_1603,4,5,4,4,4,5,5,5,1,2
pid_1599,1,2,2,1,1,1,4,1,5,5
pid_1601,1,2,2,2,2,2,2,1,5,4
pid_1598,2,1,2,4,5,2,2,2,4,4
pid_1608,5,5,5,5,5,5,5,5,1,1
pid_1607,1,1,1,1,1,2,2,1,5,5
pid_1615,5,5,5,5,5,5,5,5,1,1
pid_1618,5,5,5,5,5,5,5,5,1,1
pid_1613,4,5,5,5,5,5,5,5,1,1
pid_1621,4,5,5,5,5,5,5,5,1,1
pid_1611,4,5,5,4,4,4,5,5,2,1
pid_1619,4,5,5,5,5,5,5,5,1,1
pid_1610,2,4,4,4,4,4,4,5,1,1
pid_1609,1,4,2,1,2,4,4,1,5,2
pid_1623,5,5,5,5,5,5,5,5,1,1
pid_1614,2,4,2,2,2,4,2,2,4,4
pid_1616,2,2,2,1,2,2,2,1,5,4
pid_1612,2,2,2,2,4,4,4,2,4,4
pid_1620,2,4,2,2,4,4,4,1,4,4
pid_1622,4,5,4,5,5,5,5,5,2,1
pid_1617,4,4,4,4,4,4,4,4,2,2
pid_1625,5,5,5,5,5,5,5,5,1,1
pid_1627,4,5,5,5,5,5,5,5,1,1
pid_1626,2,5,4,5,5,5,5,5,1,1
pid_1624,3,5,4,4,5,5,5,4,2,1
pid_1632,5,5,5,5,5,5,5,5,1,1
pid_1628,1,2,2,1,2,2,2,2,5,2
pid_1629,5,5,5,5,5,5,5,4,1,1
pid_1631,1,2,1,1,2,2,2,1,5,4
pid_1636,4,5,5,5,5,5,5,5,1,1
pid_1640,5,5,5,5,5,5,5,5,1,1
pid_1634,2,2,2,1,2,4,2,1,4,4
pid_1633,4,5,5,2,4,4,4,1,4,4
pid_1638,4,5,5,5,5,5,5,5,1,1
pid_1639,2,2,2,1,2,2,4,1,4,4
pid_1635,4,4,4,1,2,1,2,1,5,5
pid_1644,4,5,4,5,5,5,5,5,1,1
pid_1630,2,4,2,4,4,4,4,4,4,2
pid_1641,2,4,4,2,4,2,4,2,4,1
pid_1651,4,5,5,5,5,5,5,5,1,1
pid_1637,2,5,4,4,4,4,5,5,2,2
pid_1649,4,5,5,5,5,5,5,5,1,1
pid_1581,2,5,4,4,4,4,5,4,2,1
pid_1648,1,2,2,1,1,2,2,1,5,5
pid_1643,1,2,2,1,2,2,2,2,4,4
pid_1645,4,4,4,2,4,4,4,4,4,2
pid_1654,5,5,5,5,5,5,5,5,1,1
pid_1650,5,5,5,5,5,5,5,5,1,1
pid_1655,4,5,5,5,5,5,5,5,1,1
pid_1653,1,1,1,1,1,1,2,1,5,5
pid_1652,4,5,4,4,4,4,5,5,2,2
pid_1657,5,5,5,5,5,5,5,5,1,1
pid_1664,5,5,5,5,5,5,5,5,1,1
pid_1663,5,5,5,5,5,5,5,5,1,1
pid_1665,5,5,5,5,5,5,5,5,1,1
pid_1661,4,5,5,5,5,5,5,5,1,1
pid_1660,5,5,5,5,5,5,5,5,1,1
pid_1659,4,5,5,5,5,5,5,5,1,1
pid_1656,4,5,4,2,4,4,4,4,4,2
pid_1666,4,5,4,4,4,4,4,4,2,2
pid_1658,4,5,4,5,5,5,5,5,2,2
pid_1662,2,4,4,4,4,4,4,4,2,2
pid_1670,4,4,4,4,4,5,5,4,1,1
pid_1668,2,4,4,4,4,4,4,4,2,2
pid_1673,5,5,5,5,5,5,5,5,1,1
pid_1674,4,5,5,5,5,5,5,5,2,1
pid_1676,2,2,1,1,1,1,2,1,5,5
pid_1671,4,5,4,5,4,4,4,4,1,2
pid_1672,4,4,4,2,4,4,4,2,4,4
pid_1680,5,5,5,5,5,5,5,5,1,1
pid_1678,4,4,5,5,5,4,5,5,1,1
pid_1677,4,5,4,1,2,2,4,1,5,5
pid_1681,4,5,4,5,5,5,5,5,1,1
pid_1675,2,5,4,5,5,4,5,5,2,1
pid_1679,1,2,2,2,4,2,2,1,5,4
pid_1684,2,4,2,2,2,2,2,2,4,4
pid_1687,5,5,5,5,5,5,5,5,1,1
pid_1682,4,4,4,4,4,4,5,4,2,2
pid_1685,4,4,4,5,5,5,5,5,1,1
pid_1692,5,5,5,5,5,5,5,5,1,1
pid_1683,4,5,4,4,4,5,5,4,1,2
pid_1693,5,5,5,5,5,5,5,5,1,1
pid_1691,4,5,4,5,5,5,5,5,1,1
pid_1695,4,5,5,5,5,5,5,5,1,1
pid_1688,2,4,2,2,2,4,4,2,4,4
pid_1686,2,4,4,1,2,2,4,1,5,5
pid_1696,5,5,5,5,5,5,5,5,1,1
pid_1694,2,4,4,4,4,4,4,4,2,1
pid_1642,4,4,4,2,4,4,4,4,4,2
pid_1646,4,4,4,4,4,4,4,4,2,2
pid_1689,2,4,4,4,4,4,4,5,2,2
pid_1667,5,5,5,5,5,5,5,5,1,1
pid_1690,2,4,4,1,2,2,4,2,5,4
pid_1647,4,4,4,4,4,4,5,4,2,2
pid_1697,5,5,5,5,5,5,5,5,1,1
pid_1698,2,5,4,4,4,5,5,4,2,2
pid_1704,5,5,5,5,5,5,5,5,1,1
pid_1700,4,5,5,5,5,5,5,5,1,1
pid_1703,4,5,5,5,5,5,5,5,1,1
pid_1699,4,5,5,5,5,5,5,5,1,1
pid_1592,4,5,4,5,5,5,5,5,2,1
pid_1712,5,5,5,5,5,5,5,5,1,1
pid_1701,2,4,4,2,2,2,4,1,5,4
pid_1669,4,5,4,5,5,5,5,5,1,1
pid_1711,5,5,5,5,5,5,5,5,1,1
pid_1709,4,4,4,5,5,4,4,4,2,1
pid_1707,4,5,5,4,4,4,5,4,2,2
pid_1716,5,5,5,5,5,5,5,5,1,1
pid_1702,2,2,2,1,4,2,4,2,4,4
pid_1706,2,4,2,2,2,4,2,1,4,4
pid_1710,2,2,2,1,2,2,2,1,5,4
pid_1705,5,5,5,2,4,4,4,2,4,4
pid_1708,2,4,2,2,4,4,4,2,4,4
pid_1720,5,5,5,5,5,5,5,5,1,1
pid_1718,1,2,1,2,2,2,2,1,5,5
pid_1714,2,4,2,2,4,2,4,2,4,4
pid_1722,5,5,5,5,5,5,5,5,1,1
pid_1713,1,2,2,1,1,2,2,1,5,4
pid_1717,1,4,2,2,2,2,4,2,4,4
pid_1715,4,5,5,4,5,4,5,4,2,1
pid_1721,2,5,2,1,2,4,4,1,4,4
pid_1723,4,5,5,5,5,4,5,5,1,1
pid_1725,5,5,5,5,5,5,5,5,1,1
pid_1719,2,4,2,2,4,2,4,4,4,2
pid_1728,4,5,5,5,5,5,5,5,1,1
pid_1724,2,4,4,4,4,4,4,4,2,2
pid_1730,4,5,4,5,5,5,5,5,1,1
pid_1727,4,5,4,5,4,5,5,5,2,1
pid_1726,4,5,4,4,4,5,5,4,2,1
pid_1731,1,2,2,1,1,1,2,1,5,5
pid_1734,4,5,4,5,5,5,5,5,1,1
pid_1737,5,5,5,5,5,5,5,5,1,1
pid_1733,1,2,1,1,2,2,1,1,5,5
pid_1729,5,5,5,4,4,5,4,4,2,2
pid_1735,5,5,5,5,5,5,5,5,1,1
pid_1732,4,4,4,5,5,4,5,5,2,1
pid_1739,4,5,5,5,5,5,5,5,1,1
pid_1738,5,5,5,5,5,5,5,5,1,1
pid_1741,5,5,5,5,5,5,5,5,1,1
pid_1746,5,5,5,5,5,5,5,5,1,1
pid_1744,2,5,5,5,5,5,5,5,1,1
pid_1736,2,4,2,4,4,4,4,4,4,2
pid_1740,4,4,4,4,4,4,5,4,2,2
pid_1743,4,4,4,4,4,4,4,4,2,4
pid_1745,4,5,4,4,4,4,4,4,2,1
pid_1750,5,5,5,5,5,5,5,5,1,1
pid_1742,1,4,2,4,4,2,4,4,4,1
pid_1747,2,4,4,1,2,4,2,1,4,4
pid_1748,4,4,4,4,4,4,4,4,2,2
pid_1756,1,2,2,1,4,2,2,2,5,4
pid_1751,2,2,2,1,2,2,4,1,5,5
pid_1754,4,5,4,2,4,4,4,2,4,2
pid_1749,2,4,4,2,2,2,4,1,4,4
pid_1759,5,5,5,5,5,5,5,5,1,1
pid_1752,1,2,1,1,2,2,2,1,5,4
pid_1755,2,4,4,2,4,4,4,2,5,2
pid_1753,4,4,4,1,2,2,4,1,5,5
pid_1757,2,4,2,2,4,4,4,2,4,4
pid_1760,4,5,5,5,5,5,5,5,1,1
pid_1764,5,5,5,5,5,5,5,5,1,1
pid_1758,2,4,4,4,4,4,5,4,2,4
pid_1763,4,4,4,1,2,4,4,2,5,4
pid_1766,4,5,4,5,5,5,5,5,1,1
pid_1768,5,5,5,5,5,5,5,5,1,1
pid_1762,1,2,1,1,4,2,2,1,5,4
pid_1770,5,5,5,5,5,5,5,5,1,1
pid_1769,4,5,5,5,5,5,5,5,1,1
pid_1774,5,5,5,5,5,5,5,5,1,1
pid_1761,2,4,4,4,4,4,4,4,2,2
pid_1765,2,4,2,4,4,2,4,4,4,1
pid_1772,4,5,5,5,5,5,5,5,1,1
pid_1773,4,5,4,5,5,5,5,5,1,1
pid_1776,5,5,5,5,5,5,5,5,1,1
pid_1767,2,4,4,2,2,4,4,4,4,4
pid_1777,4,5,5,5,5,5,5,5,1,1
pid_1780,5,5,5,5,5,5,5,5,1,1
pid_1771,5,5,5,5,5,5,5,5,1,1
pid_1782,4,5,5,5,5,5,5,5,1,1
pid_1775,4,5,4,4,4,4,4,4,4,2
pid_1779,4,4,4,4,4,4,4,4,2,2
pid_1781,4,5,4,5,5,5,5,5,1,1
pid_1787,5,5,5,5,5,5,5,5,1,1
pid_1788,5,5,5,5,5,5,5,5,1,1
pid_1778,4,5,4,4,4,4,5,4,2,1
pid_1786,5,5,5,5,5,5,5,5,1,1
pid_1792,5,5,5,5,5,5,5,5,1,1
pid_1795,4,5,5,5,5,5,5,5,1,1
pid_1783,1,4,2,2,4,2,4,2,4,4
pid_1790,4,5,5,5,5,5,5,5,1,1
pid_1784,4,4,4,4,4,4,4,4,2,2
pid_1789,4,4,4,2,4,4,4,4,4,4
pid_1785,4,5,4,2,4,4,4,2,4,4
pid_1800,5,5,5,5,5,5,5,5,1,1
pid_1794,4,5,5,4,4,4,4,4,2,2
pid_1802,5,5,5,5,5,5,5,5,1,1
pid_1803,5,5,5,5,5,5,5,5,1,1
pid_1799,4,4,4,4,4,4,4,4,2,2
pid_1791,5,5,4,4,4,5,5,4,1,1
pid_1796,4,4,2,2,2,2,2,1,5,5
pid_1808,5,5,5,5,5,5,5,5,1,1
pid_1793,2,4,2,4,4,2,2,4,5,1
pid_1811,4,5,5,5,5,5,5,5,1,1
pid_1801,1,2,2,2,2,2,2,1,4,4
pid_1798,4,4,5,1,1,2,2,1,5,4
pid_1804,2,5,4,2,4,4,4,2,4,4
pid_1806,2,2,2,1,2,2,4,1,5,4
pid_1812,5,5,5,5,5,5,5,5,1,1
pid_1797,2,2,4,2,4,4,4,2,4,2
pid_1809,4,5,5,5,5,5,5,5,1,1
pid_1805,4,5,4,4,4,4,4,4,2,4
pid_1813,5,5,5,5,5,5,5,5,1,1
pid_1815,5,5,5,5,5,5,5,5,1,1
pid_1807,2,4,4,4,4,5,4,4,2,2
pid_1818,4,5,4,5,5,5,5,5,1,1
pid_1814,1,2,1,1,1,2,2,1,5,5
pid_1817,5,5,5,5,5,5,5,5,1,1
pid_1810,2,5,4,4,4,5,4,4,1,1
pid_1821,5,5,5,5,5,5,5,5,1,1
pid_1820,4,5,5,5,5,5,5,5,1,1
pid_1816,4,5,5,5,5,5,5,5,1,1
pid_1825,4,5,5,5,5,5,5,5,1,1
pid_1822,5,5,5,5,5,5,5,5,1,1
pid_1829,5,5,5,5,5,5,5,5,1,1
pid_1826,4,5,4,4,4,5,5,4,1,2
pid_1833,5,5,5,5,5,5,5,5,1,1
pid_1824,2,4,2,2,4,4,4,2,4,4
pid_1827,4,2,4,1,1,1,2,1,5,5
pid_1819,2,2,2,2,4,4,4,4,4,4
pid_1828,4,4,4,4,4,4,5,4,2,1
pid_1839,4,5,5,5,5,5,5,5,1,1
pid_1823,2,4,2,4,4,4,4,4,4,4
pid_1830,2,4,4,4,4,4,4,4,2,4
pid_1837,4,4,4,4,4,5,5,4,1,1
pid_1836,2,2,2,1,1,2,2,1,5,5
pid_1835,1,2,1,1,2,1,2,1,5,4
pid_1834,5,5,4,4,5,5,4,4,2,2
pid_1838,4,5,4,5,5,5,5,5,1,1
pid_1840,4,4,4,4,5,4,4,4,2,1
pid_1841,4,5,5,5,5,5,5,5,1,1
pid_1846,4,5,5,5,5,5,5,5,1,1
pid_1831,4,4,4,2,4,4,4,4,4,2
pid_1832,4,2,4,4,4,4,4,4,4,2
pid_1843,1,4,2,1,2,2,2,1,5,5
pid_1851,5,5,5,5,5,5,5,5,1,1
pid_1845,4,5,4,4,4,4,5,4,2,2
pid_1847,1,2,1,1,2,1,2,1,5,4
pid_1849,4,5,4,5,5,5,5,5,1,1
pid_1854,4,5,5,5,5,5,5,5,1,1
pid_1844,2,4,4,4,4,4,5,4,2,2
pid_1842,1,2,1,2,2,4,4,1,4,4
pid_1860,5,5,5,5,5,5,5,5,1,1
pid_1848,2,4,2,2,4,4,4,4,4,4
pid_1852,2,2,2,2,1,1,2,1,5,4
pid_1853,2,2,2,1,2,2,2,1,5,5
pid_1861,5,5,5,5,5,5,5,5,1,1
pid_1859,1,1,1,1,2,2,2,1,5,5
pid_1855,2,4,2,2,2,2,4,2,5,4
pid_1858,1,2,1,1,2,2,4,1,5,4
pid_1850,4,4,4,4,4,4,4,4,2,2
pid_1857,2,2,2,1,1,1,2,1,5,5
pid_1862,5,5,5,5,5,5,5,5,1,1
pid_1856,2,4,2,4,4,4,4,5,2,2
pid_1869,4,5,5,5,5,5,5,5,1,1
pid_1871,5,5,5,5,5,5,5,5,1,1
pid_1875,5,5,5,5,5,5,5,5,1,1
pid_1877,5,5,5,5,5,5,5,5,1,1
pid_1867,4,5,4,4,4,4,5,5,1,1
pid_1865,1,2,2,2,2,2,4,2,4,4
pid_1863,2,4,4,4,4,4,4,4,2,2
pid_1876,5,5,5,5,5,5,5,5,1,1
pid_1870,2,4,2,2,4,4,4,2,4,2
pid_1868,1,2,2,1,2,2,2,1,5,5
pid_1866,1,2,1,2,4,2,4,2,5,4
pid_1879,1,1,1,1,1,1,2,1,5,5
pid_1880,5,5,5,5,5,5,5,5,1,1
pid_1872,2,4,4,4,4,5,4,4,2,2
pid_1864,4,4,4,2,4,4,4,2,4,4
pid_1873,4,5,4,4,4,5,5,4,2,1
pid_1878,2,4,2,2,4,2,4,4,4,4
pid_1885,5,5,5,5,5,5,5,5,1,1
pid_1874,2,4,2,4,4,4,4,4,2,2
pid_1881,2,4,2,4,4,4,4,4,2,1
pid_1888,5,5,5,5,5,5,5,5,1,1
pid_1882,4,4,4,2,4,2,4,2,4,4
pid_1884,2,2,2,1,2,4,2,2,4,5
pid_1883,4,5,4,2,4,4,4,2,4,2
pid_1892,5,5,5,5,5,5,5,5,1,1
pid_1893,4,5,5,5,5,5,5,5,1,1
pid_1891,4,4,4,4,4,5,5,4,1,2
pid_1890,1,2,1,2,2,2,2,1,5,4
pid_1886,2,4,4,2,2,2,2,1,5,4
pid_1895,5,5,5,5,5,5,5,5,1,1
pid_1889,4,4,4,4,4,4,4,4,2,2
pid_1897,4,5,4,5,5,5,5,5,1,1
pid_1898,1,5,4,5,5,5,5,5,1,1
pid_1896,2,4,2,1,2,4,4,1,5,5
pid_1906,5,5,5,5,5,5,5,5,1,1
pid_1887,1,2,1,2,4,4,4,1,4,4
pid_1894,4,4,5,5,5,5,5,5,1,1
pid_1899,4,5,4,5,4,5,4,4,2,2
pid_1901,1,2,2,1,1,2,2,1,5,4
pid_1911,5,5,5,5,5,5,5,5,1,1
pid_1900,2,4,2,4,4,4,4,4,2,1
pid_1913,5,5,5,5,5,5,5,5,1,1
pid_1902,4,4,4,4,4,4,4,4,2,2
pid_1909,5,5,5,5,5,5,5,5,1,1
pid_1907,5,5,5,5,5,5,5,5,1,1
pid_1905,1,2,1,1,1,1,2,1,5,5
pid_1904,4,4,4,4,5,4,5,4,2,2
pid_1914,5,5,5,5,5,5,5,5,1,1
pid_1912,4,5,5,5,5,5,5,5,1,1
pid_1915,5,5,5,5,5,5,5,5,1,1
pid_1903,4,4,4,2,4,4,4,4,4,2
pid_1908,4,5,4,4,4,4,4,4,2,2
pid_1917,5,5,5,5,5,5,5,5,1,1
pid_1910,4,2,4,2,2,2,2,1,4,4
pid_1916,1,5,2,1,4,2,2,1,5,5
pid_1918,4,4,4,4,4,4,5,4,2,1
pid_1928,5,5,5,5,5,5,5,5,1,1
pid_1924,4,5,5,5,5,5,5,5,1,1
pid_1921,2,4,2,2,4,4,4,2,4,4
pid_1930,5,5,5,5,5,5,5,5,1,1
pid_1926,4,5,4,5,5,5,5,5,1,1
pid_1920,1,2,1,2,4,4,2,1,4,4
pid_1923,4,5,5,4,4,5,5,4,1,2
pid_1919,2,4,2,2,4,4,4,2,4,4
pid_1933,4,5,5,5,5,5,5,5,1,1
pid_1931,1,2,1,1,1,1,2,1,5,4
pid_1929,2,4,2,2,4,4,4,2,4,2
pid_1927,2,2,2,2,4,2,2,2,4,4
pid_1922,2,4,2,4,4,4,4,4,4,2
pid_1932,2,2,2,1,2,2,2,1,5,4
pid_1934,4,5,4,5,5,5,5,5,1,1
pid_1935,2,4,2,2,4,4,4,2,5,4
pid_1936,2,4,2,2,2,2,4,1,5,4
pid_1937,4,5,5,4,5,4,5,4,2,1
pid_1938,4,5,5,5,5,5,5,5,1,1
pid_1925,1,5,2,5,5,5,5,4,5,1
pid_1943,5,5,5,5,5,5,5,5,1,1
pid_1946,5,5,5,5,5,5,5,5,1,1
pid_1949,5,5,5,5,5,5,5,5,1,1
pid_1950,5,5,5,5,5,5,5,5,1,1
pid_1941,2,2,2,2,2,2,2,1,5,4
pid_1942,2,2,2,2,2,2,4,1,5,5
pid_1944,4,5,5,5,5,5,5,5,1,1
pid_1948,4,5,5,5,5,5,5,5,1,1
pid_1939,4,2,4,2,4,4,4,2,4,4
pid_1940,1,2,2,2,2,4,4,2,4,1
pid_1953,5,5,5,5,5,5,5,5,1,1
pid_1947,2,4,4,4,5,4,4,4,2,1
pid_1945,2,4,3,4,4,4,5,4,2,2
pid_1956,4,5,5,5,5,5,5,5,1,1
pid_1952,4,5,4,5,5,5,5,4,1,1
pid_1954,4,5,4,4,4,4,5,4,2,1
pid_1951,2,4,2,4,4,4,2,4,4,4
pid_1963,5,5,5,5,5,5,5,5,1,1
pid_1964,5,5,5,5,5,5,5,5,1,1
pid_1960,5,5,5,5,5,5,5,5,1,1
pid_1957,2,4,4,5,4,4,5,5,2,1
pid_1958,4,5,4,1,1,2,4,1,5,4
pid_1955,2,4,2,2,4,4,4,2,2,4
pid_1969,5,5,5,5,5,5,5,5,1,1
pid_1966,5,5,5,5,5,5,5,5,1,1
pid_1961,4,5,5,5,5,5,5,5,1,1
pid_1968,5,5,5,5,5,5,5,5,1,1
pid_1967,2,5,4,5,5,5,5,5,1,1
pid_1965,1,2,1,1,1,1,2,1,5,4
pid_1970,4,5,4,5,5,5,5,5,1,1
pid_1959,2,4,4,4,4,5,4,4,4,2
pid_1962,4,4,4,4,4,4,3,4,4,2
pid_1979,4,5,5,5,5,5,5,5,1,1
pid_1975,4,5,4,5,5,5,5,5,1,1
pid_1973,4,4,4,4,4,4,4,4,1,2
pid_1971,2,4,2,1,2,2,2,2,5,4
pid_1978,5,5,5,5,5,5,5,5,1,1
pid_1985,5,5,5,5,5,5,5,5,1,1
pid_1972,2,5,4,4,4,4,5,4,1,2
pid_1976,2,2,2,1,2,2,4,1,4,2
pid_1980,5,5,5,5,5,5,5,5,1,1
pid_1974,4,4,4,4,4,4,5,4,2,2
pid_1977,1,4,2,2,4,2,4,2,4,2
pid_1981,4,5,5,5,5,5,5,5,1,1
pid_1984,2,4,2,1,2,2,4,2,5,4
pid_1982,2,4,2,4,4,4,4,4,2,2
pid_1986,1,2,2,2,2,1,2,1,5,4
pid_1983,1,4,2,2,4,2,2,1,5,4
pid_1991,5,5,5,5,5,5,5,5,1,1
pid_1988,2,4,2,5,5,4,5,5,1,1
pid_1990,4,5,5,5,5,5,5,5,1,1
pid_1987,4,2,4,2,4,4,4,2,4,4
pid_1993,5,5,5,5,5,5,5,5,1,1
pid_1998,5,5,5,5,5,5,5,5,1,1
pid_1997,5,5,5,5,5,5,5,5,1,1
pid_1992,1,2,2,1,1,2,2,1,5,4
pid_1989,2,4,4,2,4,4,4,4,2,2
pid_1999,4,5,4,5,5,5,5,5,1,1
pid_2001,5,5,5,5,5,5,5,5,1,1
pid_2007,4,5,5,5,5,5,5,5,1,1
pid_2000,2,4,4,2,2,4,4,2,4,4
pid_2002,1,2,2,2,4,2,2,1,5,4
pid_1994,4,4,2,4,4,4,4,4,2,2
pid_2005,5,5,5,5,5,5,5,4,1,1
pid_2009,1,2,2,1,2,2,4,1,5,4
pid_1995,4,4,4,4,4,4,4,1,4,4
pid_2013,5,5,5,5,5,5,5,5,1,1
pid_2003,4,4,4,2,2,4,2,2,4,5
pid_2004,1,1,1,1,1,1,2,1,5,5
pid_1996,2,4,4,4,4,4,4,4,4,2
pid_2006,1,2,2,1,2,2,2,1,5,4
pid_2017,4,5,5,5,5,5,5,5,1,1
pid_2011,4,5,4,4,4,5,5,4,2,2
pid_2010,5,5,5,5,5,5,5,5,1,1
pid_2008,2,4,4,4,4,4,4,4,2,2
pid_2019,5,5,5,5,5,5,5,5,1,1
pid_2012,2,1,2,1,2,2,2,1,4,4
pid_2014,4,4,4,5,5,5,4,5,1,1
pid_2015,4,5,4,5,5,5,5,5,1,1
pid_2024,5,5,5,5,5,5,5,5,1,1
pid_2016,2,4,4,4,4,4,4,2,4,4
pid_2021,1,2,2,1,1,1,2,1,5,4
pid_2029,5,5,5,5,5,5,5,5,1,1
pid_2020,1,2,2,1,1,1,2,1,5,5
pid_2018,2,4,2,4,4,4,4,4,4,2
pid_2025,4,5,4,5,5,5,5,5,1,1
pid_2026,5,5,5,5,5,5,5,5,1,1
pid_2028,5,5,5,5,5,5,5,5,1,1
pid_2023,2,4,4,4,4,4,5,4,1,1
pid_2030,4,5,4,5,5,5,5,5,1,1
pid_2022,4,4,4,4,4,5,5,4,2,1
pid_2034,5,5,5,5,5,5,5,5,1,1
pid_2032,5,5,5,5,5,5,5,5,1,1
pid_2033,4,5,5,5,5,5,5,5,1,1
pid_2035,4,5,4,4,4,4,5,5,1,1
pid_2031,2,4,2,4,4,4,4,2,4,4
pid_2038,1,2,1,1,1,1,2,1,5,5
pid_2046,5,5,5,5,5,5,5,5,1,1
pid_2041,5,5,5,5,5,5,5,5,1,1
pid_2042,5,5,5,5,5,5,5,5,1,1
pid_2043,5,5,5,5,5,5,5,5,1,1
pid_2039,2,2,2,1,4,2,2,1,5,4
pid_2027,2,3,2,4,4,4,2,4,4,2
pid_2049,5,5,5,5,5,5,5,5,1,1
pid_2045,4,5,4,4,4,4,5,4,2,1
pid_2037,1,4,2,1,2,2,4,2,5,4
pid_2052,5,5,5,5,5,5,5,5,1,1
pid_2048,4,5,4,4,4,4,5,4,1,1
pid_2040,5,5,4,4,5,5,5,5,2,1
pid_2036,1,4,2,2,4,2,4,1,4,4
pid_2047,1,2,1,1,2,2,4,1,5,5
pid_2054,5,5,5,5,5,5,5,5,1,1
pid_2044,1,2,1,1,2,2,2,2,4,4
pid_2050,2,4,4,1,1,1,2,1,5,5
pid_2055,5,5,5,5,5,5,5,5,1,1
pid_2053,2,2,4,1,1,1,2,1,5,5
pid_2051,2,4,4,1,1,2,2,1,5,5
pid_2057,5,5,5,5,5,5,5,5,1,1
pid_2058,5,5,5,5,5,5,5,5,1,1
pid_2056,4,5,5,4,5,4,4,4,4,4
